symbol,company_name,main_sector,sub_sector,manual_review_required
A1CAP,A1 CAPİTAL YATIRIM MENKUL DEĞERLER A.Ş.,MALİ KURULUŞLAR,ARACI KURUMLAR,false
A1YEN,A1 YENİLENEBİLİR ENERJİ ÜRETİM A.Ş.,ELEKTRİK GAZ VE SU,ELEKTRİK GAZ VE BUHAR,false
AAGYO,AĞAOĞLU AVRASYA GAYRİMENKUL YATIRIM ORTAKLIĞI A.Ş.,MALİ KURULUŞLAR,GAYRİMENKUL YATIRIM ORTAKLIKLARI,false
ACP,A1 CAPİTAL YATIRIM MENKUL DEĞERLER A.Ş.,MALİ KURULUŞLAR,ARACI KURUMLAR,false
ACSEL,ACISELSAN ACIPAYAM SELÜLOZ SANAYİ VE TİCARET A.Ş.,İMALAT,KİMYA İLAÇ PETROL LASTİK VE PLASTİK ÜRÜNLER,false
ADEL,ADEL KALEMCİLİK TİCARET VE SANAYİ A.Ş.,İMALAT,DİĞER İMALAT SANAYİİ,false
ADESE,ADESE GAYRİMENKUL YATIRIM A.Ş.,GAYRİMENKUL FAALİYETLERİ,GAYRİMENKUL FAALİYETLERİ,false
ADGYO,ADRA GAYRİMENKUL YATIRIM ORTAKLIĞI A.Ş.,MALİ KURULUŞLAR,GAYRİMENKUL YATIRIM ORTAKLIKLARI,false
AEFES,ANADOLU EFES BİRACILIK VE MALT SANAYİİ A.Ş.,İMALAT,"GIDA, İÇECEK VE TÜTÜN",false
AFYON,AFYON ÇİMENTO SANAYİ T.A.Ş.,İMALAT,TAŞ VE TOPRAĞA DAYALI,false
AGESA,AGESA HAYAT VE EMEKLİLİK A.Ş.,MALİ KURULUŞLAR,SİGORTA ŞİRKETLERİ,false
AGHOL,AG ANADOLU GRUBU HOLDİNG A.Ş.,MALİ KURULUŞLAR,HOLDİNGLER VE YATIRIM ŞİRKETLERİ,false
AGROT,AGROTECH YÜKSEK TEKNOLOJİ VE YATIRIM A.Ş.,"TARIM, ORMANCILIK VE BALIKÇILIK",TARIM VE HAYVANCILIK AVCILIK VE İLGİLİ HİZMET FAALİYETLERİ,true
AGYO,ATAKULE GAYRİMENKUL YATIRIM ORTAKLIĞI A.Ş.,MALİ KURULUŞLAR,GAYRİMENKUL YATIRIM ORTAKLIKLARI,false
AHGAZ,AHLATCI DOĞAL GAZ DAĞITIM ENERJİ VE YATIRIM A.Ş.,ELEKTRİK GAZ VE SU,ELEKTRİK GAZ VE BUHAR,false
AHSGY,AHES GAYRİMENKUL YATIRIM ORTAKLIĞI A.Ş.,MALİ KURULUŞLAR,GAYRİMENKUL YATIRIM ORTAKLIKLARI,false
AKBNK,AKBANK T.A.Ş.,MALİ KURULUŞLAR,BANKALAR,false
AKCNS,AKÇANSA ÇİMENTO SANAYİ VE TİCARET A.Ş.,İMALAT,TAŞ VE TOPRAĞA DAYALI,false
AKENR,AKENERJİ ELEKTRİK ÜRETİM A.Ş.,ELEKTRİK GAZ VE SU,ELEKTRİK GAZ VE BUHAR,false
AKFGY,AKFEN GAYRİMENKUL YATIRIM ORTAKLIĞI A.Ş.,MALİ KURULUŞLAR,GAYRİMENKUL YATIRIM ORTAKLIKLARI,false
AKFIS,AKFEN İNŞAAT TURİZM VE TİCARET A.Ş.,İNŞAAT VE BAYINDIRLIK,İNŞAAT VE BAYINDIRLIK İŞLERİ,false
AKFYE,AKFEN YENİLENEBİLİR ENERJİ A.Ş.,ELEKTRİK GAZ VE SU,ELEKTRİK GAZ VE BUHAR,false
AKGRT,AKSİGORTA A.Ş.,MALİ KURULUŞLAR,SİGORTA ŞİRKETLERİ,false
AKHAN,AKHAN UN FABRİKASI VE TARIM ÜRÜNLERİ GIDA SANAYİ TİCARET A.Ş.,İMALAT,"GIDA, İÇECEK VE TÜTÜN",false
AKMGY,AKMERKEZ GAYRİMENKUL YATIRIM ORTAKLIĞI A.Ş.,MALİ KURULUŞLAR,GAYRİMENKUL YATIRIM ORTAKLIKLARI,false
AKSA,AKSA AKRİLİK KİMYA SANAYİİ A.Ş.,İMALAT,KİMYA İLAÇ PETROL LASTİK VE PLASTİK ÜRÜNLER,false
AKSEN,AKSA ENERJİ ÜRETİM A.Ş.,ELEKTRİK GAZ VE SU,ELEKTRİK GAZ VE BUHAR,false
AKSGY,AKİŞ GAYRİMENKUL YATIRIM ORTAKLIĞI A.Ş.,MALİ KURULUŞLAR,GAYRİMENKUL YATIRIM ORTAKLIKLARI,false
AKSUE,AKSU ENERJİ VE TİCARET A.Ş.,ELEKTRİK GAZ VE SU,ELEKTRİK GAZ VE BUHAR,false
AKYHO,AKDENİZ YATIRIM HOLDİNG A.Ş.,MALİ KURULUŞLAR,HOLDİNGLER VE YATIRIM ŞİRKETLERİ,false
ALARK,ALARKO HOLDİNG A.Ş.,MALİ KURULUŞLAR,HOLDİNGLER VE YATIRIM ŞİRKETLERİ,false
ALBRK,ALBARAKA TÜRK KATILIM BANKASI A.Ş.,MALİ KURULUŞLAR,BANKALAR,false
ALCAR,ALARKO CARRIER SANAYİ VE TİCARET A.Ş.,İMALAT,METAL EŞYA MAKİNE ELEKTRİKLİ CİHAZLAR VE ULAŞIM ARAÇLARI,false
ALCTL,ALCATEL LUCENT TELETAŞ TELEKOMÜNİKASYON A.Ş.,TEKNOLOJİ,BİLİŞİM,false
ALFAS,ALFA SOLAR ENERJİ SANAYİ VE TİCARET A.Ş.,ELEKTRİK GAZ VE SU,ELEKTRİK GAZ VE BUHAR,false
ALGYO,ALARKO GAYRİMENKUL YATIRIM ORTAKLIĞI A.Ş.,MALİ KURULUŞLAR,GAYRİMENKUL YATIRIM ORTAKLIKLARI,false
ALK,ALBARAKA TÜRK KATILIM BANKASI A.Ş.,MALİ KURULUŞLAR,BANKALAR,false
ALKA,ALKİM KAĞIT SANAYİ VE TİCARET A.Ş.,İMALAT,KAĞIT VE KAĞIT ÜRÜNLERİ BASIM,false
ALKIM,ALKİM ALKALİ KİMYA A.Ş.,İMALAT,KİMYA İLAÇ PETROL LASTİK VE PLASTİK ÜRÜNLER,false
ALKLC,ALTINKILIÇ GIDA VE SÜT SANAYİ TİCARET A.Ş.,İMALAT,"GIDA, İÇECEK VE TÜTÜN",false
ALTNY,ALTINAY SAVUNMA TEKNOLOJİLERİ A.Ş.,TEKNOLOJİ,SAVUNMA,false
ALVES,ALVES KABLO SANAYİ VE TİCARET A.Ş.,İMALAT,METAL EŞYA MAKİNE ELEKTRİKLİ CİHAZLAR VE ULAŞIM ARAÇLARI,false
ANELE,ANEL ELEKTRİK PROJE TAAHHÜT VE TİCARET A.Ş.,İNŞAAT VE BAYINDIRLIK,İNŞAAT VE BAYINDIRLIK İŞLERİ,false
ANGEN,ANATOLİA TANI VE BİYOTEKNOLOJİ ÜRÜNLERİ ARAŞTIRMA GELİŞTİRME SANAYİ VE TİCARET A.Ş.,İMALAT,KİMYA İLAÇ PETROL LASTİK VE PLASTİK ÜRÜNLER,false
ANHYT,ANADOLU HAYAT EMEKLİLİK A.Ş.,MALİ KURULUŞLAR,SİGORTA ŞİRKETLERİ,false
ANSGR,ANADOLU ANONİM TÜRK SİGORTA ŞİRKETİ,MALİ KURULUŞLAR,SİGORTA ŞİRKETLERİ,false
ARASE,DOĞU ARAS ENERJİ YATIRIMLARI A.Ş.,ELEKTRİK GAZ VE SU,ELEKTRİK GAZ VE BUHAR,false
ARCLK,ARÇELİK A.Ş.,İMALAT,METAL EŞYA MAKİNE ELEKTRİKLİ CİHAZLAR VE ULAŞIM ARAÇLARI,false
ARDYZ,ARD GRUP BİLİŞİM TEKNOLOJİLERİ A.Ş.,TEKNOLOJİ,BİLİŞİM,false
ARENA,ARENA BİLGİSAYAR SANAYİ VE TİCARET A.Ş.,TEKNOLOJİ,BİLİŞİM,false
ARFYE,ARF BİO YENİLENEBİLİR ENERJİ ÜRETİM A.Ş.,ELEKTRİK GAZ VE SU,ELEKTRİK GAZ VE BUHAR,false
ARMGD,ARMADA GIDA TİCARET SANAYİ A.Ş.,İMALAT,"GIDA, İÇECEK VE TÜTÜN",false
ARSAN,ARSAN HOLDİNG A.Ş.,MALİ KURULUŞLAR,HOLDİNGLER VE YATIRIM ŞİRKETLERİ,false
ARTMS,ARTEMİS HALI A.Ş.,İMALAT,"TEKSTİL, GİYİM EŞYASI VE DERİ",false
ARZUM,ARZUM ELEKTRİKLİ EV ALETLERİ SANAYİ VE TİCARET A.Ş.,TOPTAN VE PERAKENDE TİCARET,TOPTAN TİCARET,false
ASELS,ASELSAN ELEKTRONİK SANAYİ VE TİCARET A.Ş.,TEKNOLOJİ,SAVUNMA,false
ASGYO,ASCE GAYRİMENKUL YATIRIM ORTAKLIĞI A.Ş.,MALİ KURULUŞLAR,GAYRİMENKUL YATIRIM ORTAKLIKLARI,false
ASTOR,ASTOR ENERJİ A.Ş.,İMALAT,METAL EŞYA MAKİNE ELEKTRİKLİ CİHAZLAR VE ULAŞIM ARAÇLARI,false
ASUZU,ANADOLU ISUZU OTOMOTİV SANAYİ VE TİCARET A.Ş.,İMALAT,METAL EŞYA MAKİNE ELEKTRİKLİ CİHAZLAR VE ULAŞIM ARAÇLARI,false
ATAGY,ATA GAYRİMENKUL YATIRIM ORTAKLIĞI A.Ş.,MALİ KURULUŞLAR,GAYRİMENKUL YATIRIM ORTAKLIKLARI,false
ATAKP,ATAKEY PATATES GIDA SANAYİ VE TİCARET A.Ş.,İMALAT,"GIDA, İÇECEK VE TÜTÜN",false
ATATP,ATP YAZILIM VE TEKNOLOJİ A.Ş.,TEKNOLOJİ,BİLİŞİM,false
ATATR,ATA TURİZM İŞLETMECİLİK TAŞIMACILIK MADENCİLİK KUYUMCULUK SANAYİ VE DIŞ TİCARET A.Ş.,OTELLER VE LOKANTALAR,KONAKLAMA,false
ATEKS,AKIN TEKSTİL A.Ş.,İMALAT,"TEKSTİL, GİYİM EŞYASI VE DERİ",false
ATLAS,ATLAS MENKUL KIYMETLER YATIRIM ORTAKLIĞI A.Ş.,MALİ KURULUŞLAR,MENKUL KIYMET YATIRIM ORTAKLIKLARI,false
ATSYH,ATLANTİS YATIRIM HOLDİNG A.Ş.,MALİ KURULUŞLAR,HOLDİNGLER VE YATIRIM ŞİRKETLERİ,false
AVGYO,AVRASYA GAYRİMENKUL YATIRIM ORTAKLIĞI A.Ş.,MALİ KURULUŞLAR,GAYRİMENKUL YATIRIM ORTAKLIKLARI,false
AVHOL,AVRUPA YATIRIM HOLDİNG A.Ş.,MALİ KURULUŞLAR,HOLDİNGLER VE YATIRIM ŞİRKETLERİ,false
AVOD,A.V.O.D. KURUTULMUŞ GIDA VE TARIM ÜRÜNLERİ SANAYİ TİCARET A.Ş.,İMALAT,"GIDA, İÇECEK VE TÜTÜN",false
AVPGY,AVRUPAKENT GAYRİMENKUL YATIRIM ORTAKLIĞI A.Ş.,MALİ KURULUŞLAR,GAYRİMENKUL YATIRIM ORTAKLIKLARI,false
AVTUR,AVRASYA PETROL VE TURİSTİK TESİSLER YATIRIMLAR A.Ş.,OTELLER VE LOKANTALAR,KONAKLAMA,false
AYCES,ALTIN YUNUS ÇEŞME TURİSTİK TESİSLER A.Ş.,OTELLER VE LOKANTALAR,KONAKLAMA,false
AYDEM,AYDEM YENİLENEBİLİR ENERJİ A.Ş.,ELEKTRİK GAZ VE SU,ELEKTRİK GAZ VE BUHAR,false
AYEN,AYEN ENERJİ A.Ş.,ELEKTRİK GAZ VE SU,ELEKTRİK GAZ VE BUHAR,false
AYES,AYES ÇELİK HASIR VE ÇİT SANAYİ A.Ş.,İMALAT,ANA METAL SANAYİ,false
AYGAZ,AYGAZ A.Ş.,İMALAT,KİMYA İLAÇ PETROL LASTİK VE PLASTİK ÜRÜNLER,false
AZTEK,AZTEK TEKNOLOJİ ÜRÜNLERİ TİCARET A.Ş.,TEKNOLOJİ,BİLİŞİM,false
BAGFS,BAGFAŞ BANDIRMA GÜBRE FABRİKALARI A.Ş.,İMALAT,KİMYA İLAÇ PETROL LASTİK VE PLASTİK ÜRÜNLER,false
BAHKM,BAHADIR KİMYA SANAYİ VE TİCARET A.Ş.,İMALAT,KİMYA İLAÇ PETROL LASTİK VE PLASTİK ÜRÜNLER,false
BAKAB,BAK AMBALAJ SANAYİ VE TİCARET A.Ş.,İMALAT,KAĞIT VE KAĞIT ÜRÜNLERİ BASIM,false
BALAT,BALATACILAR BALATACILIK SANAYİ VE TİCARET A.Ş.,İMALAT,METAL EŞYA MAKİNE ELEKTRİKLİ CİHAZLAR VE ULAŞIM ARAÇLARI,false
BALSU,BALSU GIDA SANAYİ VE TİCARET A.Ş.,İMALAT,"GIDA, İÇECEK VE TÜTÜN",false
BANVT,BANVİT BANDIRMA VİTAMİNLİ YEM SANAYİ A.Ş.,İMALAT,"GIDA, İÇECEK VE TÜTÜN",false
BARMA,BAREM AMBALAJ SANAYİ VE TİCARET A.Ş.,İMALAT,KAĞIT VE KAĞIT ÜRÜNLERİ BASIM,false
BASCM,BAŞTAŞ BAŞKENT ÇİMENTO SANAYİ VE TİCARET A.Ş.,İMALAT,TAŞ VE TOPRAĞA DAYALI,false
BASGZ,BAŞKENT DOĞALGAZ DAĞITIM GAYRİMENKUL YATIRIM ORTAKLIĞI A.Ş.,MALİ KURULUŞLAR,GAYRİMENKUL YATIRIM ORTAKLIKLARI,false
BAYRK,BAYRAK EBT TABAN SANAYİ VE TİCARET A.Ş.,İMALAT,KİMYA İLAÇ PETROL LASTİK VE PLASTİK ÜRÜNLER,false
BEGYO,BATI EGE GAYRİMENKUL YATIRIM ORTAKLIĞI A.Ş.,MALİ KURULUŞLAR,GAYRİMENKUL YATIRIM ORTAKLIKLARI,false
BERA,BERA HOLDİNG A.Ş.,MALİ KURULUŞLAR,HOLDİNGLER VE YATIRIM ŞİRKETLERİ,false
BESLR,BESLER GIDA VE KİMYA SANAYİ VE TİCARET A.Ş.,İMALAT,"GIDA, İÇECEK VE TÜTÜN",false
BESTE,BEST BRANDS GRUP ENERJİ YATIRIM A.Ş.,ELEKTRİK GAZ VE SU,ELEKTRİK GAZ VE BUHAR,false
BEYAZ,BEYAZ FİLO OTO KİRALAMA A.Ş.,ULAŞTIRMA VE DEPOLAMA,ULAŞTIRMA VE DEPOLAMA,false
BFREN,BOSCH FREN SİSTEMLERİ SANAYİ VE TİCARET A.Ş.,İMALAT,METAL EŞYA MAKİNE ELEKTRİKLİ CİHAZLAR VE ULAŞIM ARAÇLARI,false
BIENY,BİEN YAPI ÜRÜNLERİ SANAYİ TURİZM VE TİCARET A.Ş.,İMALAT,TAŞ VE TOPRAĞA DAYALI,false
BIGCH,BÜYÜK ŞEFLER GIDA TURİZM TEKSTİL DANIŞMANLIK ORGANİZASYON EĞİTİM SANAYİ VE TİCARET A.Ş.,OTELLER VE LOKANTALAR,YİYECEK VE İÇECEK HİZMETLERİ,false
BIGEN,BİRLEŞİM GRUP ENERJİ YATIRIMLARI A.Ş.,ELEKTRİK GAZ VE SU,ELEKTRİK GAZ VE BUHAR,false
BIGTK,BİG MEDYA TEKNOLOJİ A.Ş.,BİLGİ VE İLETİŞİM,YAYIMCILIK,false
BIMAS,BİM BİRLEŞİK MAĞAZALAR A.Ş.,TOPTAN VE PERAKENDE TİCARET,PERAKENDE TİCARET,false
BINBN,BİN ULAŞIM VE AKILLI ŞEHİR TEKNOLOJİLERİ A.Ş.,TEKNOLOJİ,BİLİŞİM,false
BINHO,1000 YATIRIMLAR HOLDİNG A.Ş.,MALİ KURULUŞLAR,HOLDİNGLER VE YATIRIM ŞİRKETLERİ,false
BIOEN,BİOTREND ÇEVRE VE ENERJİ YATIRIMLARI A.Ş.,ELEKTRİK GAZ VE SU,ELEKTRİK GAZ VE BUHAR,false
BIZIM,BİZİM TOPTAN SATIŞ MAĞAZALARI A.Ş.,TOPTAN VE PERAKENDE TİCARET,PERAKENDE TİCARET,false
BJKAS,BEŞİKTAŞ FUTBOL YATIRIMLARI SANAYİ VE TİCARET A.Ş.,EĞİTİM SAĞLIK SPOR VE EĞLENCE HİZMETLERİ,SPOR FAALİYETLERİ EĞLENCE VE OYUN FAALİYETLERİ,false
BLCYT,BİLİCİ YATIRIM SANAYİ VE TİCARET A.Ş.,İMALAT,"TEKSTİL, GİYİM EŞYASI VE DERİ",false
BLUME,BLUME METAL KİMYA A.Ş.,İMALAT,ANA METAL SANAYİ,false
BMSCH,BMS ÇELİK HASIR SANAYİ VE TİCARET A.Ş.,İMALAT,ANA METAL SANAYİ,false
BMSTL,BMS BİRLEŞİK METAL SANAYİ VE TİCARET A.Ş.,İMALAT,ANA METAL SANAYİ,false
BNTAS,BANTAŞ BANDIRMA AMBALAJ SANAYİ VE TİCARET A.Ş.,İMALAT,METAL EŞYA MAKİNE ELEKTRİKLİ CİHAZLAR VE ULAŞIM ARAÇLARI,false
BOBET,BOĞAZİÇİ BETON SANAYİ VE TİCARET A.Ş.,İMALAT,TAŞ VE TOPRAĞA DAYALI,false
BORLS,BORLEASE OTOMOTİV A.Ş.,İDARİ VE DESTEK HİZMET FAALİYETLERİ,KİRALAMA VE LEASING FAALİYETLERİ,false
BORSK,BOR ŞEKER A.Ş.,İMALAT,"GIDA, İÇECEK VE TÜTÜN",false
BOSSA,BOSSA TİCARET VE SANAYİ İŞLETMELERİ T.A.Ş.,İMALAT,"TEKSTİL, GİYİM EŞYASI VE DERİ",false
BRISA,BRİSA BRİDGESTONE SABANCI LASTİK SANAYİ VE TİCARET A.Ş.,İMALAT,KİMYA İLAÇ PETROL LASTİK VE PLASTİK ÜRÜNLER,false
BRKO,BİRKO BİRLEŞİK KOYUNLULULAR MENSUCAT TİCARET VE SANAYİ A.Ş.,İMALAT,"TEKSTİL, GİYİM EŞYASI VE DERİ",false
BRKSN,BERKOSAN YALITIM VE TECRİT MADDELERİ ÜRETİM VE TİCARET A.Ş.,İMALAT,KİMYA İLAÇ PETROL LASTİK VE PLASTİK ÜRÜNLER,false
BRKVY,BİRİKİM VARLIK YÖNETİM A.Ş.,MALİ KURULUŞLAR,VARLIK YÖNETİM ŞİRKETLERİ,false
BRLSM,BİRLEŞİM MÜHENDİSLİK ISITMA SOĞUTMA HAVALANDIRMA SANAYİ VE TİCARET A.Ş.,İNŞAAT VE BAYINDIRLIK,İNŞAAT VE BAYINDIRLIK İŞLERİ,false
BRMEN,BİRLİK MENSUCAT TİCARET VE SANAYİ İŞLETMESİ A.Ş.,İMALAT,"TEKSTİL, GİYİM EŞYASI VE DERİ",false
BRSAN,BORUSAN BİRLEŞİK BORU FABRİKALARI SANAYİ VE TİCARET A.Ş.,İMALAT,ANA METAL SANAYİ,false
BRYAT,BORUSAN YATIRIM VE PAZARLAMA A.Ş.,MALİ KURULUŞLAR,HOLDİNGLER VE YATIRIM ŞİRKETLERİ,false
BSOKE,BATISÖKE SÖKE ÇİMENTO SANAYİİ T.A.Ş.,İMALAT,TAŞ VE TOPRAĞA DAYALI,false
BTCIM,BATIÇİM BATI ANADOLU ÇİMENTO SANAYİİ A.Ş.,İMALAT,TAŞ VE TOPRAĞA DAYALI,false
BUCIM,BURSA ÇİMENTO FABRİKASI A.Ş.,İMALAT,TAŞ VE TOPRAĞA DAYALI,false
BULGS,BULLS GİRİŞİM SERMAYESİ YATIRIM ORTAKLIĞI A.Ş.,MALİ KURULUŞLAR,GİRİŞİM SERMAYESİ YATIRIM ORTAKLIKLARI,false
BURCE,BURÇELİK BURSA ÇELİK DÖKÜM SANAYİİ A.Ş.,İMALAT,ANA METAL SANAYİ,false
BURVA,BURÇELİK VANA SANAYİ VE TİCARET A.Ş.,İMALAT,ANA METAL SANAYİ,false
BVSAN,BÜLBÜLOĞLU VİNÇ SANAYİ VE TİCARET A.Ş.,İMALAT,METAL EŞYA MAKİNE ELEKTRİKLİ CİHAZLAR VE ULAŞIM ARAÇLARI,false
BYDNR,BAYDÖNER RESTORANLARI A.Ş.,OTELLER VE LOKANTALAR,YİYECEK VE İÇECEK HİZMETLERİ,false
CANTE,ÇAN2 TERMİK A.Ş.,ELEKTRİK GAZ VE SU,ELEKTRİK GAZ VE BUHAR,false
CASA,CASA EMTİA PETROL KİMYEVİ VE TÜREVLERİ SANAYİ VE TİCARET A.Ş.,TOPTAN VE PERAKENDE TİCARET,PERAKENDE TİCARET,false
CATES,ÇATES ELEKTRİK ÜRETİM A.Ş.,ELEKTRİK GAZ VE SU,ELEKTRİK GAZ VE BUHAR,false
CCOLA,COCA-COLA İÇECEK A.Ş.,İMALAT,"GIDA, İÇECEK VE TÜTÜN",false
CELHA,ÇELİK HALAT VE TEL SANAYİİ A.Ş.,İMALAT,ANA METAL SANAYİ,false
CEMAS,ÇEMAŞ DÖKÜM SANAYİ A.Ş.,İMALAT,ANA METAL SANAYİ,false
CEMTS,ÇEMTAŞ ÇELİK MAKİNA SANAYİ VE TİCARET A.Ş.,İMALAT,ANA METAL SANAYİ,false
CEMZY,CEM ZEYTİN A.Ş.,İMALAT,"GIDA, İÇECEK VE TÜTÜN",false
CEOEM,CEO EVENT MEDYA A.Ş.,İDARİ VE DESTEK HİZMET FAALİYETLERİ,"BÜRO YÖNETİMİ, BÜRO DESTEĞİ VE DİĞER ŞİRKET DESTEK FAALİYETLERİ",false
CGCAM,ÇAĞDAŞ CAM SANAYİ VE TİCARET A.Ş.,İMALAT,TAŞ VE TOPRAĞA DAYALI,false
CIMSA,ÇİMSA ÇİMENTO SANAYİ VE TİCARET A.Ş.,İMALAT,TAŞ VE TOPRAĞA DAYALI,false
CLEBI,ÇELEBİ HAVA SERVİSİ A.Ş.,ULAŞTIRMA VE DEPOLAMA,ULAŞTIRMA VE DEPOLAMA,false
CMBTN,ÇİMBETON HAZIRBETON VE PREFABRİK YAPI ELEMANLARI SANAYİ VE TİCARET A.Ş.,İMALAT,TAŞ VE TOPRAĞA DAYALI,false
CMENT,ÇİMENTAŞ İZMİR ÇİMENTO FABRİKASI T.A.Ş.,İMALAT,TAŞ VE TOPRAĞA DAYALI,false
CONSE,CONSUS ENERJİ İŞLETMECİLİĞİ VE HİZMETLERİ A.Ş.,ELEKTRİK GAZ VE SU,ELEKTRİK GAZ VE BUHAR,false
COSMO,COSMOS YATIRIM HOLDİNG A.Ş.,MALİ KURULUŞLAR,HOLDİNGLER VE YATIRIM ŞİRKETLERİ,false
CRDFA,CREDITWEST FAKTORİNG A.Ş.,MALİ KURULUŞLAR,FİNANSAL KİRALAMA VE FAKTORİNG ŞİRKETLERİ,false
CRFSA,CARREFOURSA CARREFOUR SABANCI TİCARET MERKEZİ A.Ş.,TOPTAN VE PERAKENDE TİCARET,PERAKENDE TİCARET,false
CUSAN,ÇUHADAROĞLU METAL SANAYİ VE PAZARLAMA A.Ş.,İMALAT,ANA METAL SANAYİ,false
CVKMD,CVK MADEN İŞLETMELERİ SANAYİ VE TİCARET A.Ş.,MADENCİLİK VE TAŞ OCAKÇILIĞI,METAL CEVHERİ MADENCİLİĞİ,false
CWENE,CW ENERJİ MÜHENDİSLİK TİCARET VE SANAYİ A.Ş.,ELEKTRİK GAZ VE SU,ELEKTRİK GAZ VE BUHAR,false
DAGI,DAGİ GİYİM SANAYİ VE TİCARET A.Ş.,İMALAT,"TEKSTİL, GİYİM EŞYASI VE DERİ",false
DAPGM,DAP GAYRİMENKUL GELİŞTİRME A.Ş.,İNŞAAT VE BAYINDIRLIK,İNŞAAT VE BAYINDIRLIK İŞLERİ,false
DARDL,DARDANEL ÖNENTAŞ GIDA SANAYİ A.Ş.,İMALAT,"GIDA, İÇECEK VE TÜTÜN",false
DCTTR,DCT TRADİNG DIŞ TİCARET A.Ş.,TOPTAN VE PERAKENDE TİCARET,TOPTAN TİCARET,false
DENGE,DENGE YATIRIM HOLDİNG A.Ş.,MALİ KURULUŞLAR,HOLDİNGLER VE YATIRIM ŞİRKETLERİ,false
DERHL,DERLÜKS YATIRIM HOLDİNG A.Ş.,MALİ KURULUŞLAR,HOLDİNGLER VE YATIRIM ŞİRKETLERİ,false
DERIM,DERİMOD KONFEKSİYON AYAKKABI DERİ SANAYİ VE TİCARET A.Ş.,İMALAT,"TEKSTİL, GİYİM EŞYASI VE DERİ",false
DESA,DESA DERİ SANAYİ VE TİCARET A.Ş.,İMALAT,"TEKSTİL, GİYİM EŞYASI VE DERİ",false
DESPC,DESPEC BİLGİSAYAR PAZARLAMA VE TİCARET A.Ş.,TEKNOLOJİ,BİLİŞİM,false
DEVA,DEVA HOLDİNG A.Ş.,İMALAT,KİMYA İLAÇ PETROL LASTİK VE PLASTİK ÜRÜNLER,false
DGATE,DATAGATE BİLGİSAYAR MALZEMELERİ TİCARET A.Ş.,TEKNOLOJİ,BİLİŞİM,false
DGGYO,DOĞUŞ GAYRİMENKUL YATIRIM ORTAKLIĞI A.Ş.,MALİ KURULUŞLAR,GAYRİMENKUL YATIRIM ORTAKLIKLARI,false
DGNMO,DOĞANLAR MOBİLYA GRUBU İMALAT SANAYİ VE TİCARET A.Ş.,İMALAT,ORMAN ÜRÜNLERİ VE MOBİLYA,false
DIRIT,DİRİTEKS DİRİLİŞ TEKSTİL SANAYİ VE TİCARET A.Ş.,İMALAT,"TEKSTİL, GİYİM EŞYASI VE DERİ",false
DITAS,DİTAŞ BDY YEDEK PARÇA İMALAT VE TEKNİK A.Ş.,İMALAT,METAL EŞYA MAKİNE ELEKTRİKLİ CİHAZLAR VE ULAŞIM ARAÇLARI,false
DMRGD,DMR UNLU MAMULLER ÜRETİM GIDA TOPTAN PERAKENDE İHRACAT A.Ş.,İMALAT,"GIDA, İÇECEK VE TÜTÜN",false
DMSAS,DEMİSAŞ DÖKÜM EMAYE MAMÜLLERİ SANAYİ A.Ş.,İMALAT,ANA METAL SANAYİ,false
DNISI,DİNAMİK ISI MAKİNA YALITIM MALZEMELERİ SANAYİ VE TİCARET A.Ş.,İMALAT,KİMYA İLAÇ PETROL LASTİK VE PLASTİK ÜRÜNLER,false
DOAS,DOĞUŞ OTOMOTİV SERVİS VE TİCARET A.Ş.,TOPTAN VE PERAKENDE TİCARET,TOPTAN TİCARET,false
DOCO,DO & CO AKTIENGESELLSCHAFT,OTELLER VE LOKANTALAR,YİYECEK VE İÇECEK HİZMETLERİ,false
DOFER,DOFER YAPI MALZEMELERİ SANAYİ VE TİCARET A.Ş.,İMALAT,ANA METAL SANAYİ,false
DOFRB,DOF ROBOTİK SANAYİ A.Ş.,TEKNOLOJİ,BİLİŞİM,false
DOGUB,DOĞUSAN BORU SANAYİ VE TİCARET A.Ş.,İMALAT,TAŞ VE TOPRAĞA DAYALI,false
DOHOL,DOĞAN ŞİRKETLER GRUBU HOLDİNG A.Ş.,MALİ KURULUŞLAR,HOLDİNGLER VE YATIRIM ŞİRKETLERİ,false
DOKTA,DÖKTAŞ DÖKÜMCÜLÜK TİCARET VE SANAYİ A.Ş.,İMALAT,ANA METAL SANAYİ,false
DSTKF,DESTEK FİNANS FAKTORİNG A.Ş.,MALİ KURULUŞLAR,FİNANSAL KİRALAMA VE FAKTORİNG ŞİRKETLERİ,false
DUNYH,DÜNYA HOLDİNG A.Ş.,MALİ KURULUŞLAR,HOLDİNGLER VE YATIRIM ŞİRKETLERİ,false
DURDO,DURAN DOĞAN BASIM VE AMBALAJ SANAYİ A.Ş.,İMALAT,KAĞIT VE KAĞIT ÜRÜNLERİ BASIM,false
DURKN,DURUKAN ŞEKERLEME SANAYİ VE TİCARET A.Ş.,İMALAT,"GIDA, İÇECEK VE TÜTÜN",false
DYOBY,DYO BOYA FABRİKALARI SANAYİ VE TİCARET A.Ş.,İMALAT,KİMYA İLAÇ PETROL LASTİK VE PLASTİK ÜRÜNLER,false
DZGYO,DENİZ GAYRİMENKUL YATIRIM ORTAKLIĞI A.Ş.,MALİ KURULUŞLAR,GAYRİMENKUL YATIRIM ORTAKLIKLARI,false
EBEBK,EBEBEK MAĞAZACILIK A.Ş.,TOPTAN VE PERAKENDE TİCARET,PERAKENDE TİCARET,false
ECILC,EİS ECZACIBAŞI İLAÇ SINAİ VE FİNANSAL YATIRIMLAR SANAYİ VE TİCARET A.Ş.,MALİ KURULUŞLAR,HOLDİNGLER VE YATIRIM ŞİRKETLERİ,false
ECOGR,ECOGREEN ENERJİ HOLDİNG A.Ş.,ELEKTRİK GAZ VE SU,ELEKTRİK GAZ VE BUHAR,false
ECZYT,ECZACIBAŞI YATIRIM HOLDİNG ORTAKLIĞI A.Ş.,MALİ KURULUŞLAR,HOLDİNGLER VE YATIRIM ŞİRKETLERİ,false
EDATA,E-DATA TEKNOLOJİ PAZARLAMA A.Ş.,TEKNOLOJİ,BİLİŞİM,false
EDIP,EDİP GAYRİMENKUL YATIRIM SANAYİ VE TİCARET A.Ş.,İNŞAAT VE BAYINDIRLIK,İNŞAAT VE BAYINDIRLIK İŞLERİ,false
EFOR,EFOR YATIRIM SANAYİ TİCARET A.Ş.,İMALAT,"GIDA, İÇECEK VE TÜTÜN",false
EGEEN,EGE ENDÜSTRİ VE TİCARET A.Ş.,İMALAT,METAL EŞYA MAKİNE ELEKTRİKLİ CİHAZLAR VE ULAŞIM ARAÇLARI,false
EGEGY,EGEYAPI AVRUPA GAYRİMENKUL YATIRIM ORTAKLIĞI A.Ş.,MALİ KURULUŞLAR,GAYRİMENKUL YATIRIM ORTAKLIKLARI,false
EGEPO,NASMED ÖZEL SAĞLIK HİZMETLERİ TİCARET A.Ş.,EĞİTİM SAĞLIK SPOR VE EĞLENCE HİZMETLERİ,İNSAN SAĞLIĞI VE SOSYAL HİZMETLER,false
EGGUB,EGE GÜBRE SANAYİİ A.Ş.,İMALAT,KİMYA İLAÇ PETROL LASTİK VE PLASTİK ÜRÜNLER,false
EGPRO,EGE PROFİL TİCARET VE SANAYİ A.Ş.,İMALAT,KİMYA İLAÇ PETROL LASTİK VE PLASTİK ÜRÜNLER,false
EGSER,EGE SERAMİK SANAYİ VE TİCARET A.Ş.,İMALAT,TAŞ VE TOPRAĞA DAYALI,false
EKDMR,EKİNCİLER DEMİR VE ÇELİK SANAYİ A.Ş.,İMALAT,ANA METAL SANAYİ,false
EKGYO,EMLAK KONUT GAYRİMENKUL YATIRIM ORTAKLIĞI A.Ş.,MALİ KURULUŞLAR,GAYRİMENKUL YATIRIM ORTAKLIKLARI,false
EKIZ,EKİZ KİMYA SANAYİ VE TİCARET A.Ş.,İMALAT,"GIDA, İÇECEK VE TÜTÜN",false
EKOS,EKOS TEKNOLOJİ VE ELEKTRİK A.Ş.,İMALAT,METAL EŞYA MAKİNE ELEKTRİKLİ CİHAZLAR VE ULAŞIM ARAÇLARI,false
EKSUN,EKSUN GIDA TARIM SANAYİ VE TİCARET A.Ş.,İMALAT,"GIDA, İÇECEK VE TÜTÜN",false
ELITE,ELİTE NATUREL ORGANİK GIDA SANAYİ VE TİCARET A.Ş.,İMALAT,"GIDA, İÇECEK VE TÜTÜN",false
EMKEL,EMEK ELEKTRİK ENDÜSTRİSİ A.Ş.,İMALAT,METAL EŞYA MAKİNE ELEKTRİKLİ CİHAZLAR VE ULAŞIM ARAÇLARI,false
EMNIS,EMİNİŞ AMBALAJ SANAYİ VE TİCARET A.Ş.,İMALAT,KİMYA İLAÇ PETROL LASTİK VE PLASTİK ÜRÜNLER,false
EMPAE,EMPA ELEKTRONİK SANAYİ VE TİCARET A.Ş.,TEKNOLOJİ,BİLİŞİM,false
ENDAE,ENDA ENERJİ HOLDİNG A.Ş.,ELEKTRİK GAZ VE SU,ELEKTRİK GAZ VE BUHAR,false
ENERY,ENERYA ENERJİ A.Ş.,ELEKTRİK GAZ VE SU,ELEKTRİK GAZ VE BUHAR,false
ENJSA,ENERJİSA ENERJİ A.Ş.,ELEKTRİK GAZ VE SU,ELEKTRİK GAZ VE BUHAR,false
ENKAI,ENKA İNŞAAT VE SANAYİ A.Ş.,İNŞAAT VE BAYINDIRLIK,İNŞAAT VE BAYINDIRLIK İŞLERİ,false
ENPRA,ENPARA BANK A.Ş.,MALİ KURULUŞLAR,BANKALAR,false
ENSRI,ENSARİ SINAİ YATIRIMLAR A.Ş.,İMALAT,"TEKSTİL, GİYİM EŞYASI VE DERİ",false
ENTRA,IC ENTERRA YENİLENEBİLİR ENERJİ A.Ş.,ELEKTRİK GAZ VE SU,ELEKTRİK GAZ VE BUHAR,false
EPLAS,EGEPLAST EGE PLASTİK TİCARET VE SANAYİ A.Ş.,İMALAT,KİMYA İLAÇ PETROL LASTİK VE PLASTİK ÜRÜNLER,false
ERBOS,ERBOSAN ERCİYAS BORU SANAYİ VE TİCARET A.Ş.,İMALAT,ANA METAL SANAYİ,false
ERCB,ERCİYAS ÇELİK BORU SANAYİ A.Ş.,İMALAT,ANA METAL SANAYİ,false
EREGL,EREĞLİ DEMİR VE ÇELİK FABRİKALARI T.A.Ş.,İMALAT,ANA METAL SANAYİ,false
ERSU,ERSU MEYVE VE GIDA SANAYİ A.Ş.,İMALAT,"GIDA, İÇECEK VE TÜTÜN",false
ESCAR,ESCAR FİLO KİRALAMA HİZMETLERİ A.Ş.,İDARİ VE DESTEK HİZMET FAALİYETLERİ,KİRALAMA VE LEASING FAALİYETLERİ,false
ESCOM,ESCORT TEKNOLOJİ YATIRIM A.Ş.,TEKNOLOJİ,BİLİŞİM,false
ESEN,ESENBOĞA ELEKTRİK ÜRETİM A.Ş.,ELEKTRİK GAZ VE SU,ELEKTRİK GAZ VE BUHAR,false
ETILR,ETİLER GIDA VE TİCARİ YATIRIMLAR SANAYİ VE TİCARET A.Ş.,OTELLER VE LOKANTALAR,YİYECEK VE İÇECEK HİZMETLERİ,false
ETYAT,EURO TREND YATIRIM ORTAKLIĞI A.Ş.,MALİ KURULUŞLAR,MENKUL KIYMET YATIRIM ORTAKLIKLARI,false
EUHOL,EURO YATIRIM HOLDİNG A.Ş.,MALİ KURULUŞLAR,HOLDİNGLER VE YATIRIM ŞİRKETLERİ,false
EUKYO,EURO KAPİTAL YATIRIM ORTAKLIĞI A.Ş.,MALİ KURULUŞLAR,MENKUL KIYMET YATIRIM ORTAKLIKLARI,false
EUPWR,EUROPOWER ENERJİ VE OTOMASYON TEKNOLOJİLERİ SANAYİ TİCARET A.Ş.,İMALAT,METAL EŞYA MAKİNE ELEKTRİKLİ CİHAZLAR VE ULAŞIM ARAÇLARI,false
EUREN,EUROPEN ENDÜSTRİ İNŞAAT SANAYİ VE TİCARET A.Ş.,İMALAT,KİMYA İLAÇ PETROL LASTİK VE PLASTİK ÜRÜNLER,false
EUYO,EURO MENKUL KIYMET YATIRIM ORTAKLIĞI A.Ş.,MALİ KURULUŞLAR,MENKUL KIYMET YATIRIM ORTAKLIKLARI,false
EYGYO,EYG GAYRİMENKUL YATIRIM ORTAKLIĞI A.Ş.,MALİ KURULUŞLAR,GAYRİMENKUL YATIRIM ORTAKLIKLARI,false
FADE,FADE GIDA YATIRIM SANAYİ TİCARET A.Ş.,İMALAT,"GIDA, İÇECEK VE TÜTÜN",false
FENER,FENERBAHÇE FUTBOL A.Ş.,EĞİTİM SAĞLIK SPOR VE EĞLENCE HİZMETLERİ,SPOR FAALİYETLERİ EĞLENCE VE OYUN FAALİYETLERİ,false
FIN,QNB BANK A.Ş.,MALİ KURULUŞLAR,BANKALAR,false
FLAP,FLAP KONGRE TOPLANTI HİZMETLERİ OTOMOTİV VE TURİZM A.Ş.,İDARİ VE DESTEK HİZMET FAALİYETLERİ,"BÜRO YÖNETİMİ, BÜRO DESTEĞİ VE DİĞER ŞİRKET DESTEK FAALİYETLERİ",false
FMIZP,FEDERAL MOGUL İZMİT PİSTON VE PİM ÜRETİM TESİSLERİ A.Ş.,İMALAT,METAL EŞYA MAKİNE ELEKTRİKLİ CİHAZLAR VE ULAŞIM ARAÇLARI,false
FONET,FONET BİLGİ TEKNOLOJİLERİ A.Ş.,TEKNOLOJİ,BİLİŞİM,false
FORMT,FORMET METAL VE CAM SANAYİ A.Ş.,İMALAT,METAL EŞYA MAKİNE ELEKTRİKLİ CİHAZLAR VE ULAŞIM ARAÇLARI,false
FORTE,FORTE BİLGİ İLETİŞİM TEKNOLOJİLERİ VE SAVUNMA SANAYİ A.Ş.,TEKNOLOJİ,BİLİŞİM,false
FRIGO,FRİGO-PAK GIDA MADDELERİ SANAYİ VE TİCARET A.Ş.,İMALAT,"GIDA, İÇECEK VE TÜTÜN",false
FRMPL,FORMÜL PLASTİK VE METAL SANAYİ A.Ş.,İMALAT,KİMYA İLAÇ PETROL LASTİK VE PLASTİK ÜRÜNLER,false
FROTO,FORD OTOMOTİV SANAYİ A.Ş.,İMALAT,METAL EŞYA MAKİNE ELEKTRİKLİ CİHAZLAR VE ULAŞIM ARAÇLARI,false
FZLGY,FUZUL GAYRİMENKUL YATIRIM ORTAKLIĞI A.Ş.,MALİ KURULUŞLAR,GAYRİMENKUL YATIRIM ORTAKLIKLARI,false
GARAN,TÜRKİYE GARANTİ BANKASI A.Ş.,MALİ KURULUŞLAR,BANKALAR,false
GARFA,GARANTİ FAKTORİNG A.Ş.,MALİ KURULUŞLAR,FİNANSAL KİRALAMA VE FAKTORİNG ŞİRKETLERİ,false
GATEG,GATE GROUP TEKNOLOJİ MEDYA VE SİBER GÜVENLİK HİZMETLERİ A.Ş.,EĞİTİM SAĞLIK SPOR VE EĞLENCE HİZMETLERİ,YARATICI SANATLAR GÖSTERİ SANATLARI VE EĞLENCE FAALİYETLERİ,false
GEDIK,GEDİK YATIRIM MENKUL DEĞERLER A.Ş.,MALİ KURULUŞLAR,ARACI KURUMLAR,false
GEDZA,GEDİZ AMBALAJ SANAYİ VE TİCARET A.Ş.,İMALAT,KİMYA İLAÇ PETROL LASTİK VE PLASTİK ÜRÜNLER,false
GENIL,GEN İLAÇ VE SAĞLIK ÜRÜNLERİ SANAYİ VE TİCARET A.Ş.,TOPTAN VE PERAKENDE TİCARET,TOPTAN TİCARET,false
GENKM,GENTAŞ KİMYA SANAYİ VE TİCARET PAZARLAMA A.Ş.,İMALAT,KİMYA İLAÇ PETROL LASTİK VE PLASTİK ÜRÜNLER,false
GENTS,GENTAŞ DEKORATİF YÜZEYLER SANAYİ VE TİCARET A.Ş.,İMALAT,ORMAN ÜRÜNLERİ VE MOBİLYA,false
GEREL,GERSAN ELEKTRİK TİCARET VE SANAYİ A.Ş.,İMALAT,METAL EŞYA MAKİNE ELEKTRİKLİ CİHAZLAR VE ULAŞIM ARAÇLARI,false
GESAN,GİRİŞİM ELEKTRİK SANAYİ TAAHHÜT VE TİCARET A.Ş.,İNŞAAT VE BAYINDIRLIK,İNŞAAT VE BAYINDIRLIK İŞLERİ,false
GIPTA,GIPTA OFİS KIRTASİYE VE PROMOSYON ÜRÜNLERİ İMALAT SANAYİ A.Ş.,İMALAT,KAĞIT VE KAĞIT ÜRÜNLERİ BASIM,false
GLB,GLOBAL MENKUL DEĞERLER A.Ş.,MALİ KURULUŞLAR,ARACI KURUMLAR,false
GLBMD,GLOBAL MENKUL DEĞERLER A.Ş.,MALİ KURULUŞLAR,ARACI KURUMLAR,false
GLCVY,GELECEK VARLIK YÖNETİMİ A.Ş.,MALİ KURULUŞLAR,VARLIK YÖNETİM ŞİRKETLERİ,false
GLRMK,GÜLERMAK AĞIR SANAYİ İNŞAAT VE TAAHHÜT A.Ş.,İNŞAAT VE BAYINDIRLIK,İNŞAAT VE BAYINDIRLIK İŞLERİ,false
GLRYH,GÜLER YATIRIM HOLDİNG A.Ş.,MALİ KURULUŞLAR,HOLDİNGLER VE YATIRIM ŞİRKETLERİ,false
GLYHO,GLOBAL YATIRIM HOLDİNG A.Ş.,MALİ KURULUŞLAR,HOLDİNGLER VE YATIRIM ŞİRKETLERİ,false
GMTAS,GİMAT MAĞAZACILIK SANAYİ VE TİCARET A.Ş.,TOPTAN VE PERAKENDE TİCARET,PERAKENDE TİCARET,false
GOKNR,GÖKNUR GIDA MADDELERİ ENERJİ İMALAT İTHALAT İHRACAT TİCARET VE SANAYİ A.Ş.,İMALAT,"GIDA, İÇECEK VE TÜTÜN",false
GOLTS,GÖLTAŞ GÖLLER BÖLGESİ ÇİMENTO SANAYİ VE TİCARET A.Ş.,İMALAT,TAŞ VE TOPRAĞA DAYALI,false
GOODY,GOODYEAR LASTİKLERİ T.A.Ş.,İMALAT,KİMYA İLAÇ PETROL LASTİK VE PLASTİK ÜRÜNLER,false
GOZDE,GÖZDE GİRİŞİM SERMAYESİ YATIRIM ORTAKLIĞI A.Ş.,MALİ KURULUŞLAR,GİRİŞİM SERMAYESİ YATIRIM ORTAKLIKLARI,false
GRNYO,GARANTİ YATIRIM ORTAKLIĞI A.Ş.,MALİ KURULUŞLAR,MENKUL KIYMET YATIRIM ORTAKLIKLARI,false
GRSEL,GÜR-SEL TURİZM TAŞIMACILIK VE SERVİS TİCARET A.Ş.,ULAŞTIRMA VE DEPOLAMA,ULAŞTIRMA VE DEPOLAMA,false
GRTHO,GRAINTURK HOLDİNG A.Ş.,MALİ KURULUŞLAR,HOLDİNGLER VE YATIRIM ŞİRKETLERİ,false
GSDDE,GSD DENİZCİLİK GAYRİMENKUL İNŞAAT SANAYİ VE TİCARET A.Ş.,ULAŞTIRMA VE DEPOLAMA,ULAŞTIRMA VE DEPOLAMA,false
GSDHO,GSD HOLDİNG A.Ş.,MALİ KURULUŞLAR,HOLDİNGLER VE YATIRIM ŞİRKETLERİ,false
GSRAY,GALATASARAY SPORTİF SINAİ VE TİCARİ YATIRIMLAR A.Ş.,EĞİTİM SAĞLIK SPOR VE EĞLENCE HİZMETLERİ,SPOR FAALİYETLERİ EĞLENCE VE OYUN FAALİYETLERİ,false
GUBRF,GÜBRE FABRİKALARI T.A.Ş.,İMALAT,KİMYA İLAÇ PETROL LASTİK VE PLASTİK ÜRÜNLER,false
GUNDG,GÜNDOĞDU GIDA SÜT ÜRÜNLERİ SANAYİ VE DIŞ TİCARET A.Ş.,İMALAT,"GIDA, İÇECEK VE TÜTÜN",false
GWIND,GALATA WIND ENERJİ A.Ş.,ELEKTRİK GAZ VE SU,ELEKTRİK GAZ VE BUHAR,false
GZNMI,GEZİNOMİ SEYAHAT TURİZM TİCARET A.Ş.,İDARİ VE DESTEK HİZMET FAALİYETLERİ,"SEYAHAT ACENTESİ, TUR OPERATÖRÜ VE DİĞER REZERVASYON HİZMETLERİ İLE İLGİLİ FAALİYETLER",false
HALKB,TÜRKİYE HALK BANKASI A.Ş.,MALİ KURULUŞLAR,BANKALAR,false
HATEK,HATEKS HATAY TEKSTİL İŞLETMELERİ A.Ş.,İMALAT,"TEKSTİL, GİYİM EŞYASI VE DERİ",false
HATSN,HAT-SAN GEMİ İNŞAA BAKIM ONARIM DENİZ NAKLİYAT SANAYİ VE TİCARET A.Ş.,İMALAT,METAL EŞYA MAKİNE ELEKTRİKLİ CİHAZLAR VE ULAŞIM ARAÇLARI,false
HDFGS,HEDEF GİRİŞİM SERMAYESİ YATIRIM ORTAKLIĞI A.Ş.,MALİ KURULUŞLAR,GİRİŞİM SERMAYESİ YATIRIM ORTAKLIKLARI,false
HEDEF,HEDEF HOLDİNG A.Ş.,MALİ KURULUŞLAR,HOLDİNGLER VE YATIRIM ŞİRKETLERİ,false
HEKTS,HEKTAŞ TİCARET T.A.Ş.,İMALAT,KİMYA İLAÇ PETROL LASTİK VE PLASTİK ÜRÜNLER,false
HKTM,HİDROPAR HAREKET KONTROL TEKNOLOJİLERİ MERKEZİ SANAYİ VE TİCARET A.Ş.,İMALAT,METAL EŞYA MAKİNE ELEKTRİKLİ CİHAZLAR VE ULAŞIM ARAÇLARI,false
HLGYO,HALK GAYRİMENKUL YATIRIM ORTAKLIĞI A.Ş.,MALİ KURULUŞLAR,GAYRİMENKUL YATIRIM ORTAKLIKLARI,false
HOROZ,HOROZ LOJİSTİK KARGO HİZMETLERİ VE TİCARET A.Ş.,ULAŞTIRMA VE DEPOLAMA,ULAŞTIRMA VE DEPOLAMA,false
HRKET,HAREKET PROJE TAŞIMACILIĞI VE YÜK MÜHENDİSLİĞİ A.Ş.,ULAŞTIRMA VE DEPOLAMA,ULAŞTIRMA VE DEPOLAMA,false
HTTBT,HİTİT BİLGİSAYAR HİZMETLERİ A.Ş.,TEKNOLOJİ,BİLİŞİM,false
HUBVC,HUB GİRİŞİM SERMAYESİ YATIRIM ORTAKLIĞI A.Ş.,MALİ KURULUŞLAR,GİRİŞİM SERMAYESİ YATIRIM ORTAKLIKLARI,false
HUNER,HUN YENİLENEBİLİR ENERJİ ÜRETİM A.Ş.,ELEKTRİK GAZ VE SU,ELEKTRİK GAZ VE BUHAR,false
HURGZ,HÜRRİYET GAZETECİLİK VE MATBAACILIK A.Ş.,BİLGİ VE İLETİŞİM,YAYIMCILIK,false
ICB,ICBC TURKEY BANK A.Ş.,MALİ KURULUŞLAR,BANKALAR,false
ICBCT,ICBC TURKEY BANK A.Ş.,MALİ KURULUŞLAR,BANKALAR,false
ICUGS,ICU GİRİŞİM SERMAYESİ YATIRIM ORTAKLIĞI A.Ş.,MALİ KURULUŞLAR,GİRİŞİM SERMAYESİ YATIRIM ORTAKLIKLARI,false
IDGYO,İDEALİST GAYRİMENKUL YATIRIM ORTAKLIĞI A.Ş.,MALİ KURULUŞLAR,GAYRİMENKUL YATIRIM ORTAKLIKLARI,false
IEYHO,IŞIKLAR ENERJİ VE YAPI HOLDİNG A.Ş.,MALİ KURULUŞLAR,HOLDİNGLER VE YATIRIM ŞİRKETLERİ,false
IHAAS,İHLAS HABER AJANSI A.Ş.,BİLGİ VE İLETİŞİM,BİLGİ HİZMET FAALİYETLERİ,false
IHEVA,İHLAS EV ALETLERİ İMALAT SANAYİ VE TİCARET A.Ş.,İMALAT,METAL EŞYA MAKİNE ELEKTRİKLİ CİHAZLAR VE ULAŞIM ARAÇLARI,false
IHGZT,İHLAS GAZETECİLİK A.Ş.,BİLGİ VE İLETİŞİM,YAYIMCILIK,false
IHLAS,İHLAS HOLDİNG A.Ş.,MALİ KURULUŞLAR,HOLDİNGLER VE YATIRIM ŞİRKETLERİ,false
IHLGM,İHLAS GAYRİMENKUL PROJE GELİŞTİRME VE TİCARET A.Ş.,GAYRİMENKUL FAALİYETLERİ,GAYRİMENKUL FAALİYETLERİ,false
IHYAY,İHLAS YAYIN HOLDİNG A.Ş.,MALİ KURULUŞLAR,HOLDİNGLER VE YATIRIM ŞİRKETLERİ,false
IMASM,İMAŞ MAKİNA SANAYİ A.Ş.,İMALAT,METAL EŞYA MAKİNE ELEKTRİKLİ CİHAZLAR VE ULAŞIM ARAÇLARI,false
INDES,İNDEKS BİLGİSAYAR SİSTEMLERİ MÜHENDİSLİK SANAYİ VE TİCARET A.Ş.,TEKNOLOJİ,BİLİŞİM,false
INFO,İNFO YATIRIM MENKUL DEĞERLER A.Ş.,MALİ KURULUŞLAR,ARACI KURUMLAR,false
INGRM,INGRAM MİCRO BİLİŞİM SİSTEMLERİ A.Ş.,TEKNOLOJİ,BİLİŞİM,false
INTEK,İNNOSA TEKNOLOJİ A.Ş.,TEKNOLOJİ,BİLİŞİM,false
INTEM,İNTEMA İNŞAAT VE TESİSAT MALZEMELERİ YATIRIM VE PAZARLAMA A.Ş.,TOPTAN VE PERAKENDE TİCARET,TOPTAN TİCARET,false
INVEO,INVEO YATIRIM HOLDİNG A.Ş.,MALİ KURULUŞLAR,HOLDİNGLER VE YATIRIM ŞİRKETLERİ,false
INVES,INVESTCO HOLDİNG A.Ş.,MALİ KURULUŞLAR,HOLDİNGLER VE YATIRIM ŞİRKETLERİ,false
ISATR,TÜRKİYE İŞ BANKASI A.Ş.,MALİ KURULUŞLAR,BANKALAR,false
ISBIR,İŞBİR HOLDİNG A.Ş.,MALİ KURULUŞLAR,HOLDİNGLER VE YATIRIM ŞİRKETLERİ,false
ISBTR,TÜRKİYE İŞ BANKASI A.Ş.,MALİ KURULUŞLAR,BANKALAR,false
ISCTR,TÜRKİYE İŞ BANKASI A.Ş.,MALİ KURULUŞLAR,BANKALAR,false
ISDMR,İSKENDERUN DEMİR VE ÇELİK A.Ş.,İMALAT,ANA METAL SANAYİ,false
ISFIN,İŞ FİNANSAL KİRALAMA A.Ş.,MALİ KURULUŞLAR,FİNANSAL KİRALAMA VE FAKTORİNG ŞİRKETLERİ,false
ISGSY,İŞ GİRİŞİM SERMAYESİ YATIRIM ORTAKLIĞI A.Ş.,MALİ KURULUŞLAR,GİRİŞİM SERMAYESİ YATIRIM ORTAKLIKLARI,false
ISGYO,İŞ GAYRİMENKUL YATIRIM ORTAKLIĞI A.Ş.,MALİ KURULUŞLAR,GAYRİMENKUL YATIRIM ORTAKLIKLARI,false
ISKPL,IŞIK PLASTİK SANAYİ VE DIŞ TİCARET PAZARLAMA A.Ş.,İMALAT,KİMYA İLAÇ PETROL LASTİK VE PLASTİK ÜRÜNLER,false
ISKUR,TÜRKİYE İŞ BANKASI A.Ş.,MALİ KURULUŞLAR,BANKALAR,false
ISMEN,İŞ YATIRIM MENKUL DEĞERLER A.Ş.,MALİ KURULUŞLAR,ARACI KURUMLAR,false
ISSEN,İŞBİR SENTETİK DOKUMA SANAYİ A.Ş.,İMALAT,"TEKSTİL, GİYİM EŞYASI VE DERİ",false
ISYAT,İŞ YATIRIM ORTAKLIĞI A.Ş.,MALİ KURULUŞLAR,MENKUL KIYMET YATIRIM ORTAKLIKLARI,false
IYF,İNFO YATIRIM MENKUL DEĞERLER A.Ş.,MALİ KURULUŞLAR,ARACI KURUMLAR,false
IYM,İŞ YATIRIM MENKUL DEĞERLER A.Ş.,MALİ KURULUŞLAR,ARACI KURUMLAR,false
IZENR,İZDEMİR ENERJİ ELEKTRİK ÜRETİM A.Ş.,ELEKTRİK GAZ VE SU,ELEKTRİK GAZ VE BUHAR,false
IZFAS,İZMİR FIRÇA SANAYİ VE TİCARET A.Ş.,İMALAT,KİMYA İLAÇ PETROL LASTİK VE PLASTİK ÜRÜNLER,false
IZINV,İZ YATIRIM HOLDİNG A.Ş.,"TARIM, ORMANCILIK VE BALIKÇILIK",TARIM VE HAYVANCILIK AVCILIK VE İLGİLİ HİZMET FAALİYETLERİ,false
IZMDC,İZMİR DEMİR ÇELİK SANAYİ A.Ş.,İMALAT,ANA METAL SANAYİ,false
JANTS,JANTSA JANT SANAYİ VE TİCARET A.Ş.,İMALAT,METAL EŞYA MAKİNE ELEKTRİKLİ CİHAZLAR VE ULAŞIM ARAÇLARI,false
KAPLM,KAPLAMİN AMBALAJ SANAYİ VE TİCARET A.Ş.,İMALAT,KAĞIT VE KAĞIT ÜRÜNLERİ BASIM,false
KAREL,KAREL ELEKTRONİK SANAYİ VE TİCARET A.Ş.,TEKNOLOJİ,BİLİŞİM,false
KARSN,KARSAN OTOMOTİV SANAYİİ VE TİCARET A.Ş.,İMALAT,METAL EŞYA MAKİNE ELEKTRİKLİ CİHAZLAR VE ULAŞIM ARAÇLARI,false
KARTN,KARTONSAN KARTON SANAYİ VE TİCARET A.Ş.,İMALAT,KAĞIT VE KAĞIT ÜRÜNLERİ BASIM,false
KATMR,KATMERCİLER ARAÇ ÜSTÜ EKİPMAN SANAYİ VE TİCARET A.Ş.,İMALAT,METAL EŞYA MAKİNE ELEKTRİKLİ CİHAZLAR VE ULAŞIM ARAÇLARI,false
KAYSE,KAYSERİ ŞEKER FABRİKASI A.Ş.,İMALAT,"GIDA, İÇECEK VE TÜTÜN",false
KBORU,KUZEY BORU A.Ş.,İMALAT,KİMYA İLAÇ PETROL LASTİK VE PLASTİK ÜRÜNLER,false
KCAER,KOCAER ÇELİK SANAYİ VE TİCARET A.Ş.,İMALAT,ANA METAL SANAYİ,false
KCHOL,KOÇ HOLDİNG A.Ş.,MALİ KURULUŞLAR,HOLDİNGLER VE YATIRIM ŞİRKETLERİ,false
KENT,KENT GIDA MADDELERİ SANAYİİ VE TİCARET A.Ş.,İMALAT,"GIDA, İÇECEK VE TÜTÜN",false
KERVN,KERVANSARAY YATIRIM HOLDİNG A.Ş.,MALİ KURULUŞLAR,HOLDİNGLER VE YATIRIM ŞİRKETLERİ,false
KFEIN,KAFEİN YAZILIM HİZMETLERİ TİCARET A.Ş.,TEKNOLOJİ,BİLİŞİM,false
KGYO,KORAY GAYRİMENKUL YATIRIM ORTAKLIĞI A.Ş.,MALİ KURULUŞLAR,GAYRİMENKUL YATIRIM ORTAKLIKLARI,false
KIMMR,ERSAN ALIŞVERİŞ HİZMETLERİ VE GIDA SANAYİ TİCARET A.Ş.,TOPTAN VE PERAKENDE TİCARET,PERAKENDE TİCARET,false
KLGYO,KİLER GAYRİMENKUL YATIRIM ORTAKLIĞI A.Ş.,MALİ KURULUŞLAR,GAYRİMENKUL YATIRIM ORTAKLIKLARI,false
KLKIM,KALEKİM KİMYEVİ MADDELER SANAYİ VE TİCARET A.Ş.,İMALAT,TAŞ VE TOPRAĞA DAYALI,false
KLMSN,KLİMASAN KLİMA SANAYİ VE TİCARET A.Ş.,İMALAT,METAL EŞYA MAKİNE ELEKTRİKLİ CİHAZLAR VE ULAŞIM ARAÇLARI,false
KLN,TÜRKİYE KALKINMA VE YATIRIM BANKASI A.Ş.,MALİ KURULUŞLAR,BANKALAR,false
KLNMA,TÜRKİYE KALKINMA VE YATIRIM BANKASI A.Ş.,MALİ KURULUŞLAR,BANKALAR,false
KLRHO,KİLER HOLDİNG A.Ş.,MALİ KURULUŞLAR,HOLDİNGLER VE YATIRIM ŞİRKETLERİ,false
KLSER,KALESERAMİK ÇANAKKALE KALEBODUR SERAMİK SANAYİ A.Ş.,İMALAT,TAŞ VE TOPRAĞA DAYALI,false
KLSYN,KOLEKSİYON MOBİLYA SANAYİ A.Ş.,İMALAT,ORMAN ÜRÜNLERİ VE MOBİLYA,false
KLYPV,KALYON GÜNEŞ TEKNOLOJİLERİ ÜRETİM A.Ş.,ELEKTRİK GAZ VE SU,ELEKTRİK GAZ VE BUHAR,false
KMPUR,KİMTEKS POLİÜRETAN SANAYİ VE TİCARET A.Ş.,İMALAT,KİMYA İLAÇ PETROL LASTİK VE PLASTİK ÜRÜNLER,false
KNFRT,KONFRUT TARIM A.Ş.,"TARIM, ORMANCILIK VE BALIKÇILIK",TARIM VE HAYVANCILIK AVCILIK VE İLGİLİ HİZMET FAALİYETLERİ,false
KOCMT,KOÇ METALURJİ A.Ş.,İMALAT,ANA METAL SANAYİ,false
KONKA,KONYA KAĞIT SANAYİ VE TİCARET A.Ş.,İMALAT,KAĞIT VE KAĞIT ÜRÜNLERİ BASIM,false
KONTR,KONTROLMATİK TEKNOLOJİ ENERJİ VE MÜHENDİSLİK A.Ş.,"MESLEKİ, BİLİMSEL VE TEKNİK FAALİYETLER",MİMARLIK VE MÜHENDİSLİK FAALİYETLERİ; TEKNİK MUAYENE VE ANALİZ,false
KONYA,KONYA ÇİMENTO SANAYİİ A.Ş.,İMALAT,TAŞ VE TOPRAĞA DAYALI,false
KOPOL,KOZA POLYESTER SANAYİ VE TİCARET A.Ş.,İMALAT,KİMYA İLAÇ PETROL LASTİK VE PLASTİK ÜRÜNLER,false
KORDS,KORDSA TEKNİK TEKSTİL A.Ş.,İMALAT,"TEKSTİL, GİYİM EŞYASI VE DERİ",false
KOTON,KOTON MAĞAZACILIK TEKSTİL SANAYİ VE TİCARET A.Ş.,TOPTAN VE PERAKENDE TİCARET,PERAKENDE TİCARET,false
KRDMA,KARDEMİR KARABÜK DEMİR ÇELİK SANAYİ VE TİCARET A.Ş.,İMALAT,ANA METAL SANAYİ,false
KRDMB,KARDEMİR KARABÜK DEMİR ÇELİK SANAYİ VE TİCARET A.Ş.,İMALAT,ANA METAL SANAYİ,false
KRDMD,KARDEMİR KARABÜK DEMİR ÇELİK SANAYİ VE TİCARET A.Ş.,İMALAT,ANA METAL SANAYİ,false
KRGYO,KÖRFEZ GAYRİMENKUL YATIRIM ORTAKLIĞI A.Ş.,MALİ KURULUŞLAR,GAYRİMENKUL YATIRIM ORTAKLIKLARI,false
KRONT,KRON TEKNOLOJİ A.Ş.,TEKNOLOJİ,BİLİŞİM,false
KRPLS,KOROPLAST TEMİZLİK AMBALAJ ÜRÜNLERİ SANAYİ VE DIŞ TİCARET A.Ş.,İMALAT,KİMYA İLAÇ PETROL LASTİK VE PLASTİK ÜRÜNLER,false
KRSTL,KRİSTAL KOLA VE MEŞRUBAT SANAYİ TİCARET A.Ş.,İMALAT,"GIDA, İÇECEK VE TÜTÜN",false
KRTEK,KARSU TEKSTİL SANAYİİ VE TİCARET A.Ş.,İMALAT,"TEKSTİL, GİYİM EŞYASI VE DERİ",false
KRVGD,KERVAN GIDA SANAYİ VE TİCARET A.Ş.,İMALAT,"GIDA, İÇECEK VE TÜTÜN",false
KSTUR,KUŞTUR KUŞADASI TURİZM ENDÜSTRİSİ A.Ş.,OTELLER VE LOKANTALAR,KONAKLAMA,false
KTLEV,KATILIMEVİM TASARRUF FİNANSMAN A.Ş.,MALİ KURULUŞLAR,FİNANSMAN ŞİRKETLERİ,false
KTSKR,KÜTAHYA ŞEKER FABRİKASI A.Ş.,İMALAT,"GIDA, İÇECEK VE TÜTÜN",false
KUTPO,KÜTAHYA PORSELEN SANAYİ A.Ş.,İMALAT,TAŞ VE TOPRAĞA DAYALI,false
KUVVA,KUVVA GIDA TİCARET VE SANAYİ YATIRIMLARI A.Ş.,TOPTAN VE PERAKENDE TİCARET,TOPTAN TİCARET,false
KUYAS,KUYAŞ YATIRIM A.Ş.,İNŞAAT VE BAYINDIRLIK,İNŞAAT VE BAYINDIRLIK İŞLERİ,false
KZBGY,KIZILBÜK GAYRİMENKUL YATIRIM ORTAKLIĞI A.Ş.,MALİ KURULUŞLAR,GAYRİMENKUL YATIRIM ORTAKLIKLARI,false
KZGYO,KUZUGRUP GAYRİMENKUL YATIRIM ORTAKLIĞI A.Ş.,MALİ KURULUŞLAR,GAYRİMENKUL YATIRIM ORTAKLIKLARI,false
LIDER,LDR TURİZM A.Ş.,İDARİ VE DESTEK HİZMET FAALİYETLERİ,KİRALAMA VE LEASING FAALİYETLERİ,false
LIDFA,LİDER FAKTORİNG A.Ş.,MALİ KURULUŞLAR,FİNANSAL KİRALAMA VE FAKTORİNG ŞİRKETLERİ,false
LILAK,LİLA KAĞIT SANAYİ VE TİCARET A.Ş.,İMALAT,KAĞIT VE KAĞIT ÜRÜNLERİ BASIM,false
LINK,LİNK BİLGİSAYAR SİSTEMLERİ YAZILIMI VE DONANIMI SANAYİ VE TİCARET A.Ş.,TEKNOLOJİ,BİLİŞİM,false
LKMNH,LOKMAN HEKİM ENGÜRÜSAĞ SAĞLIK TURİZM EĞİTİM HİZMETLERİ VE İNŞAAT TAAHHÜT A.Ş.,EĞİTİM SAĞLIK SPOR VE EĞLENCE HİZMETLERİ,İNSAN SAĞLIĞI VE SOSYAL HİZMETLER,false
LMKDC,LİMAK DOĞU ANADOLU ÇİMENTO SANAYİ VE TİCARET A.Ş.,İMALAT,TAŞ VE TOPRAĞA DAYALI,false
LOGO,LOGO YAZILIM SANAYİ VE TİCARET A.Ş.,TEKNOLOJİ,BİLİŞİM,false
LRSHO,LORAS HOLDİNG A.Ş.,MALİ KURULUŞLAR,HOLDİNGLER VE YATIRIM ŞİRKETLERİ,false
LUKSK,LÜKS KADİFE TİCARET VE SANAYİİ A.Ş.,İMALAT,"TEKSTİL, GİYİM EŞYASI VE DERİ",false
LXGYO,LUXERA GAYRİMENKUL YATIRIM ORTAKLIĞI A.Ş.,MALİ KURULUŞLAR,GAYRİMENKUL YATIRIM ORTAKLIKLARI,false
LYDHO,LYDİA HOLDİNG A.Ş.,MALİ KURULUŞLAR,HOLDİNGLER VE YATIRIM ŞİRKETLERİ,false
LYDYE,LYDİA YEŞİL ENERJİ KAYNAKLARI A.Ş.,ELEKTRİK GAZ VE SU,ELEKTRİK GAZ VE BUHAR,false
MAALT,MARMARİS ALTINYUNUS TURİSTİK TESİSLER A.Ş.,OTELLER VE LOKANTALAR,KONAKLAMA,false
MACKO,MACKOLİK İNTERNET HİZMETLERİ TİCARET A.Ş.,EĞİTİM SAĞLIK SPOR VE EĞLENCE HİZMETLERİ,SPOR EĞLENCE BOŞ ZAMANLARI DEĞERLENDİRME HİZMETLERİ,false
MAGEN,MARGÜN ENERJİ ÜRETİM SANAYİ VE TİCARET A.Ş.,ELEKTRİK GAZ VE SU,ELEKTRİK GAZ VE BUHAR,false
MAKIM,MAKİM MAKİNA TEKNOLOJİLERİ SANAYİ VE TİCARET A.Ş.,İMALAT,METAL EŞYA MAKİNE ELEKTRİKLİ CİHAZLAR VE ULAŞIM ARAÇLARI,false
MAKTK,MAKİNA TAKIM ENDÜSTRİSİ A.Ş.,İMALAT,METAL EŞYA MAKİNE ELEKTRİKLİ CİHAZLAR VE ULAŞIM ARAÇLARI,false
MANAS,MANAS ENERJİ YÖNETİMİ SANAYİ VE TİCARET A.Ş.,TEKNOLOJİ,BİLİŞİM,false
MARBL,TUREKS TURUNÇ MADENCİLİK İÇ VE DIŞ TİCARET A.Ş.,İMALAT,TAŞ VE TOPRAĞA DAYALI,false
MARKA,MARKA YATIRIM HOLDİNG A.Ş.,MALİ KURULUŞLAR,HOLDİNGLER VE YATIRIM ŞİRKETLERİ,false
MARMR,MARMARA HOLDİNG A.Ş.,İMALAT,KİMYA İLAÇ PETROL LASTİK VE PLASTİK ÜRÜNLER,false
MARTI,MARTI OTEL İŞLETMELERİ A.Ş.,OTELLER VE LOKANTALAR,KONAKLAMA,false
MAVI,MAVİ GİYİM SANAYİ VE TİCARET A.Ş.,TOPTAN VE PERAKENDE TİCARET,PERAKENDE TİCARET,false
MCARD,METROPAL KURUMSAL HİZMETLER A.Ş.,TEKNOLOJİ,BİLİŞİM,false
MEDTR,MEDİTERA TIBBİ MALZEME SANAYİ VE TİCARET A.Ş.,İMALAT,KİMYA İLAÇ PETROL LASTİK VE PLASTİK ÜRÜNLER,false
MEGAP,MEGA POLİETİLEN KÖPÜK SANAYİ VE TİCARET A.Ş.,İMALAT,"TEKSTİL, GİYİM EŞYASI VE DERİ",false
MEGMT,MEGA METAL SANAYİ VE TİCARET A.Ş.,İMALAT,ANA METAL SANAYİ,false
MEKAG,MEKA GLOBAL MAKİNE İMALAT SANAYİ VE TİCARET A.Ş.,İMALAT,METAL EŞYA MAKİNE ELEKTRİKLİ CİHAZLAR VE ULAŞIM ARAÇLARI,false
MEPET,MEPET METRO PETROL VE TESİSLERİ SANAYİ TİCARET A.Ş.,TOPTAN VE PERAKENDE TİCARET,PERAKENDE TİCARET,false
MERCN,MERCAN KİMYA SANAYİ VE TİCARET A.Ş.,İMALAT,KİMYA İLAÇ PETROL LASTİK VE PLASTİK ÜRÜNLER,false
MERIT,MERİT TURİZM YATIRIM VE İŞLETME A.Ş.,OTELLER VE LOKANTALAR,KONAKLAMA,false
MERKO,MERKO GIDA SANAYİ VE TİCARET A.Ş.,İMALAT,"GIDA, İÇECEK VE TÜTÜN",false
METRO,METRO TİCARİ VE MALİ YATIRIMLAR HOLDİNG A.Ş.,MALİ KURULUŞLAR,HOLDİNGLER VE YATIRIM ŞİRKETLERİ,false
MEYSU,MEYSU GIDA SANAYİ VE TİCARET A.Ş.,İMALAT,"GIDA, İÇECEK VE TÜTÜN",false
MGROS,MİGROS TİCARET A.Ş.,TOPTAN VE PERAKENDE TİCARET,PERAKENDE TİCARET,false
MHRGY,MHR GAYRİMENKUL YATIRIM ORTAKLIĞI A.Ş.,MALİ KURULUŞLAR,GAYRİMENKUL YATIRIM ORTAKLIKLARI,false
MIATK,MİA TEKNOLOJİ A.Ş.,TEKNOLOJİ,BİLİŞİM,false
MMCAS,MMC SANAYİ VE TİCARİ YATIRIMLAR A.Ş.,MALİ KURULUŞLAR,HOLDİNGLER VE YATIRIM ŞİRKETLERİ,false
MNDRS,MENDERES TEKSTİL SANAYİ VE TİCARET A.Ş.,İMALAT,"TEKSTİL, GİYİM EŞYASI VE DERİ",false
MNDTR,MONDİ TURKEY OLUKLU MUKAVVA KAĞIT VE AMBALAJ SANAYİ A.Ş.,İMALAT,KAĞIT VE KAĞIT ÜRÜNLERİ BASIM,false
MOBTL,MOBİLTEL İLETİŞİM HİZMETLERİ SANAYİ VE TİCARET A.Ş.,TEKNOLOJİ,BİLİŞİM,false
MOGAN,MOGAN ENERJİ YATIRIM HOLDİNG A.Ş.,ELEKTRİK GAZ VE SU,ELEKTRİK GAZ VE BUHAR,false
MOPAS,MOPAŞ MARKETÇİLİK GIDA SANAYİ VE TİCARET A.Ş.,TOPTAN VE PERAKENDE TİCARET,PERAKENDE TİCARET,false
MPARK,MLP SAĞLIK HİZMETLERİ A.Ş.,EĞİTİM SAĞLIK SPOR VE EĞLENCE HİZMETLERİ,İNSAN SAĞLIĞI VE SOSYAL HİZMETLER,false
MRGYO,MARTI GAYRİMENKUL YATIRIM ORTAKLIĞI A.Ş.,MALİ KURULUŞLAR,GAYRİMENKUL YATIRIM ORTAKLIKLARI,false
MRSHL,MARSHALL BOYA VE VERNİK SANAYİİ A.Ş.,İMALAT,KİMYA İLAÇ PETROL LASTİK VE PLASTİK ÜRÜNLER,false
MSGYO,MİSTRAL GAYRİMENKUL YATIRIM ORTAKLIĞI A.Ş.,MALİ KURULUŞLAR,GAYRİMENKUL YATIRIM ORTAKLIKLARI,false
MTRKS,MATRİKS FİNANSAL TEKNOLOJİLER A.Ş.,TEKNOLOJİ,BİLİŞİM,false
MTRYO,METRO YATIRIM ORTAKLIĞI A.Ş.,MALİ KURULUŞLAR,MENKUL KIYMET YATIRIM ORTAKLIKLARI,false
MZHLD,MAZHAR ZORLU HOLDİNG A.Ş.,MALİ KURULUŞLAR,HOLDİNGLER VE YATIRIM ŞİRKETLERİ,false
NATEN,NATUREL YENİLENEBİLİR ENERJİ TİCARET A.Ş.,ELEKTRİK GAZ VE SU,ELEKTRİK GAZ VE BUHAR,false
NETAS,NETAŞ TELEKOMÜNİKASYON A.Ş.,TEKNOLOJİ,BİLİŞİM,false
NETCD,NETCAD YAZILIM A.Ş.,TEKNOLOJİ,BİLİŞİM,false
NIBAS,NİĞBAŞ NİĞDE BETON SANAYİ VE TİCARET A.Ş.,İMALAT,TAŞ VE TOPRAĞA DAYALI,false
NTGAZ,NATURELGAZ SANAYİ VE TİCARET A.Ş.,ELEKTRİK GAZ VE SU,ELEKTRİK GAZ VE BUHAR,false
NTHOL,NET HOLDİNG A.Ş.,MALİ KURULUŞLAR,HOLDİNGLER VE YATIRIM ŞİRKETLERİ,false
NUGYO,NUROL GAYRİMENKUL YATIRIM ORTAKLIĞI A.Ş.,MALİ KURULUŞLAR,GAYRİMENKUL YATIRIM ORTAKLIKLARI,false
NUHCM,NUH ÇİMENTO SANAYİ A.Ş.,İMALAT,TAŞ VE TOPRAĞA DAYALI,false
OBAMS,OBA MAKARNACILIK SANAYİ VE TİCARET A.Ş.,İMALAT,"GIDA, İÇECEK VE TÜTÜN",false
OBASE,OBASE BİLGİSAYAR VE DANIŞMANLIK HİZMETLERİ TİCARET A.Ş.,TEKNOLOJİ,BİLİŞİM,false
ODAS,ODAŞ ELEKTRİK ÜRETİM SANAYİ TİCARET A.Ş.,ELEKTRİK GAZ VE SU,ELEKTRİK GAZ VE BUHAR,false
ODINE,ODİNE SOLUTİONS TEKNOLOJİ TİCARET VE SANAYİ A.Ş.,TEKNOLOJİ,BİLİŞİM,false
OFSYM,OFİS YEM GIDA SANAYİ TİCARET A.Ş.,İMALAT,"GIDA, İÇECEK VE TÜTÜN",false
OMD,OSMANLI YATIRIM MENKUL DEĞERLER A.Ş.,MALİ KURULUŞLAR,ARACI KURUMLAR,false
ONCSM,ONCOSEM ONKOLOJİK SİSTEMLER SANAYİ VE TİCARET A.Ş.,İMALAT,KİMYA İLAÇ PETROL LASTİK VE PLASTİK ÜRÜNLER,false
ONRYT,ONUR YÜKSEK TEKNOLOJİ A.Ş.,TEKNOLOJİ,SAVUNMA,false
ORCAY,ORÇAY ORTAKÖY ÇAY SANAYİ VE TİCARET A.Ş.,İMALAT,"GIDA, İÇECEK VE TÜTÜN",false
ORGE,ORGE ENERJİ ELEKTRİK TAAHHÜT A.Ş.,İNŞAAT VE BAYINDIRLIK,İNŞAAT VE BAYINDIRLIK İŞLERİ,false
ORMA,ORMA ORMAN MAHSÜLLERİ İNTEGRE SANAYİ VE TİCARET A.Ş.,İMALAT,ORMAN ÜRÜNLERİ VE MOBİLYA,false
OSMEN,OSMANLI YATIRIM MENKUL DEĞERLER A.Ş.,MALİ KURULUŞLAR,ARACI KURUMLAR,false
OSTIM,OSTİM ENDÜSTRİYEL YATIRIMLAR VE İŞLETME A.Ş.,MALİ KURULUŞLAR,HOLDİNGLER VE YATIRIM ŞİRKETLERİ,false
OTKAR,OTOKAR OTOMOTİV VE SAVUNMA SANAYİ A.Ş.,İMALAT,METAL EŞYA MAKİNE ELEKTRİKLİ CİHAZLAR VE ULAŞIM ARAÇLARI,false
OTTO,OTTO HOLDİNG A.Ş.,MALİ KURULUŞLAR,HOLDİNGLER VE YATIRIM ŞİRKETLERİ,false
OYA,OYAK YATIRIM MENKUL DEĞERLER A.Ş.,MALİ KURULUŞLAR,ARACI KURUMLAR,false
OYAKC,OYAK ÇİMENTO FABRİKALARI A.Ş.,İMALAT,TAŞ VE TOPRAĞA DAYALI,false
OYAYO,OYAK YATIRIM ORTAKLIĞI A.Ş.,MALİ KURULUŞLAR,MENKUL KIYMET YATIRIM ORTAKLIKLARI,false
OYLUM,OYLUM SINAİ YATIRIMLAR A.Ş.,İMALAT,"GIDA, İÇECEK VE TÜTÜN",false
OYYAT,OYAK YATIRIM MENKUL DEĞERLER A.Ş.,MALİ KURULUŞLAR,ARACI KURUMLAR,false
OZATD,ÖZATA DENİZCİLİK SANAYİ VE TİCARET A.Ş.,İMALAT,METAL EŞYA MAKİNE ELEKTRİKLİ CİHAZLAR VE ULAŞIM ARAÇLARI,false
OZGYO,ÖZDERİCİ GAYRİMENKUL YATIRIM ORTAKLIĞI A.Ş.,MALİ KURULUŞLAR,GAYRİMENKUL YATIRIM ORTAKLIKLARI,false
OZKGY,ÖZAK GAYRİMENKUL YATIRIM ORTAKLIĞI A.Ş.,MALİ KURULUŞLAR,GAYRİMENKUL YATIRIM ORTAKLIKLARI,false
OZRDN,ÖZERDEN AMBALAJ SANAYİ A.Ş.,İMALAT,KİMYA İLAÇ PETROL LASTİK VE PLASTİK ÜRÜNLER,false
OZSUB,ÖZSU BALIK ÜRETİM A.Ş.,"TARIM, ORMANCILIK VE BALIKÇILIK",BALIKÇILIK VE SU ÜRÜNLERİ,false
OZYSR,ÖZYAŞAR TEL VE GALVANİZLEME SANAYİ A.Ş.,İMALAT,ANA METAL SANAYİ,false
PAGYO,PANORA GAYRİMENKUL YATIRIM ORTAKLIĞI A.Ş.,MALİ KURULUŞLAR,GAYRİMENKUL YATIRIM ORTAKLIKLARI,false
PAHOL,PASİFİK HOLDİNG A.Ş.,MALİ KURULUŞLAR,HOLDİNGLER VE YATIRIM ŞİRKETLERİ,false
PAMEL,PAMEL YENİLENEBİLİR ELEKTRİK ÜRETİM A.Ş.,ELEKTRİK GAZ VE SU,ELEKTRİK GAZ VE BUHAR,false
PAPIL,PAPİLON SAVUNMA TEKNOLOJİ VE TİCARET A.Ş.,TEKNOLOJİ,BİLİŞİM,false
PARSN,PARSAN MAKİNA PARÇALARI SANAYİİ A.Ş.,İMALAT,METAL EŞYA MAKİNE ELEKTRİKLİ CİHAZLAR VE ULAŞIM ARAÇLARI,false
PASEU,PASİFİK EURASİA LOJİSTİK DIŞ TİCARET A.Ş.,ULAŞTIRMA VE DEPOLAMA,ULAŞTIRMA VE DEPOLAMA,false
PATEK,PASİFİK TEKNOLOJİ A.Ş.,TEKNOLOJİ,BİLİŞİM,false
PCILT,PC İLETİŞİM VE MEDYA HİZMETLERİ SANAYİ TİCARET A.Ş.,"MESLEKİ, BİLİMSEL VE TEKNİK FAALİYETLER",REKLAMCILIK VE PAZAR ARAŞTIRMASI,false
PEKGY,PEKER GAYRİMENKUL YATIRIM ORTAKLIĞI A.Ş.,MALİ KURULUŞLAR,GAYRİMENKUL YATIRIM ORTAKLIKLARI,false
PENGD,PENGUEN GIDA SANAYİ A.Ş.,İMALAT,"GIDA, İÇECEK VE TÜTÜN",false
PENTA,PENTA TEKNOLOJİ ÜRÜNLERİ DAĞITIM TİCARET A.Ş.,TEKNOLOJİ,BİLİŞİM,false
PETKM,PETKİM PETROKİMYA HOLDİNG A.Ş.,İMALAT,KİMYA İLAÇ PETROL LASTİK VE PLASTİK ÜRÜNLER,false
PETUN,PINAR ENTEGRE ET VE UN SANAYİİ A.Ş.,İMALAT,"GIDA, İÇECEK VE TÜTÜN",false
PGSUS,PEGASUS HAVA TAŞIMACILIĞI A.Ş.,ULAŞTIRMA VE DEPOLAMA,ULAŞTIRMA VE DEPOLAMA,false
PINSU,PINAR SU VE İÇECEK SANAYİ VE TİCARET A.Ş.,İMALAT,"GIDA, İÇECEK VE TÜTÜN",false
PKART,PLASTİKKART AKILLI KART İLETİŞİM SİSTEMLERİ SANAYİ VE TİCARET A.Ş.,TEKNOLOJİ,BİLİŞİM,false
PKENT,PETROKENT TURİZM A.Ş.,OTELLER VE LOKANTALAR,KONAKLAMA,false
PLTUR,PLATFORM TURİZM TAŞIMACILIK GIDA İNŞAAT TEMİZLİK HİZMETLERİ SANAYİ VE TİCARET A.Ş.,İDARİ VE DESTEK HİZMET FAALİYETLERİ,KİRALAMA VE LEASING FAALİYETLERİ,false
PNLSN,PANELSAN ÇATI CEPHE SİSTEMLERİ SANAYİ VE TİCARET A.Ş.,İMALAT,ANA METAL SANAYİ,false
PNSUT,PINAR SÜT MAMÜLLERİ SANAYİİ A.Ş.,İMALAT,"GIDA, İÇECEK VE TÜTÜN",false
POLHO,POLİSAN HOLDİNG A.Ş.,MALİ KURULUŞLAR,HOLDİNGLER VE YATIRIM ŞİRKETLERİ,false
POLTK,POLİTEKNİK METAL SANAYİ VE TİCARET A.Ş.,İMALAT,KİMYA İLAÇ PETROL LASTİK VE PLASTİK ÜRÜNLER,false
PRDGS,PARDUS GİRİŞİM SERMAYESİ YATIRIM ORTAKLIĞI A.Ş.,MALİ KURULUŞLAR,GİRİŞİM SERMAYESİ YATIRIM ORTAKLIKLARI,false
PRKAB,TÜRK PRYSMİAN KABLO VE SİSTEMLERİ A.Ş.,İMALAT,METAL EŞYA MAKİNE ELEKTRİKLİ CİHAZLAR VE ULAŞIM ARAÇLARI,false
PRKME,PARK ELEKTRİK ÜRETİM MADENCİLİK SANAYİ VE TİCARET A.Ş.,MADENCİLİK VE TAŞ OCAKÇILIĞI,KÖMÜR VE LİNYİT MADENCİLİĞİ,false
PRZMA,PRİZMA PRES MATBAACILIK YAYINCILIK SANAYİ VE TİCARET A.Ş.,İMALAT,KAĞIT VE KAĞIT ÜRÜNLERİ BASIM,false
PSDTC,PERGAMON STATUS DIŞ TİCARET A.Ş.,TOPTAN VE PERAKENDE TİCARET,TOPTAN TİCARET,false
PSGYO,PASİFİK GAYRİMENKUL YATIRIM ORTAKLIĞI A.Ş.,MALİ KURULUŞLAR,GAYRİMENKUL YATIRIM ORTAKLIKLARI,false
QNBFK,QNB FİNANSAL KİRALAMA A.Ş.,MALİ KURULUŞLAR,FİNANSAL KİRALAMA VE FAKTORİNG ŞİRKETLERİ,false
QNBTR,QNB BANK A.Ş.,MALİ KURULUŞLAR,BANKALAR,false
QUAGR,QUA GRANITE HAYAL YAPI VE ÜRÜNLERİ SANAYİ TİCARET A.Ş.,İMALAT,TAŞ VE TOPRAĞA DAYALI,false
RALYH,RAL YATIRIM HOLDİNG A.Ş.,MALİ KURULUŞLAR,HOLDİNGLER VE YATIRIM ŞİRKETLERİ,false
RAYSG,RAY SİGORTA A.Ş.,MALİ KURULUŞLAR,SİGORTA ŞİRKETLERİ,false
REEDR,REEDER TEKNOLOJİ SANAYİ VE TİCARET A.Ş.,TEKNOLOJİ,BİLİŞİM,false
RGYAS,RÖNESANS GAYRİMENKUL YATIRIM A.Ş.,GAYRİMENKUL FAALİYETLERİ,GAYRİMENKUL FAALİYETLERİ,false
RNPOL,RAİNBOW POLİKARBONAT SANAYİ TİCARET A.Ş.,İMALAT,KİMYA İLAÇ PETROL LASTİK VE PLASTİK ÜRÜNLER,false
RODRG,RODRİGO TEKSTİL SANAYİ VE TİCARET A.Ş.,İMALAT,"TEKSTİL, GİYİM EŞYASI VE DERİ",false
RTALB,RTA LABORATUVARLARI BİYOLOJİK ÜRÜNLER İLAÇ VE MAKİNE SANAYİ TİCARET A.Ş.,İMALAT,KİMYA İLAÇ PETROL LASTİK VE PLASTİK ÜRÜNLER,false
RUBNS,RUBENİS TEKSTİL SANAYİ TİCARET A.Ş.,İMALAT,"TEKSTİL, GİYİM EŞYASI VE DERİ",false
RUZYE,RUZY MADENCİLİK VE ENERJİ YATIRIMLARI SANAYİ VE TİCARET A.Ş.,MADENCİLİK VE TAŞ OCAKÇILIĞI,KÖMÜR VE LİNYİT MADENCİLİĞİ,false
RYGYO,REYSAŞ GAYRİMENKUL YATIRIM ORTAKLIĞI A.Ş.,MALİ KURULUŞLAR,GAYRİMENKUL YATIRIM ORTAKLIKLARI,false
RYSAS,REYSAŞ TAŞIMACILIK VE LOJİSTİK TİCARET A.Ş.,ULAŞTIRMA VE DEPOLAMA,ULAŞTIRMA VE DEPOLAMA,false
SAFKR,SAFKAR EGE SOĞUTMACILIK KLİMA SOĞUK HAVA TESİSLERİ İHRACAT İTHALAT SANAYİ VE TİCARET A.Ş.,İMALAT,METAL EŞYA MAKİNE ELEKTRİKLİ CİHAZLAR VE ULAŞIM ARAÇLARI,false
SAHOL,HACI ÖMER SABANCI HOLDİNG A.Ş.,MALİ KURULUŞLAR,HOLDİNGLER VE YATIRIM ŞİRKETLERİ,false
SAMAT,SARAY MATBAACILIK KAĞITÇILIK KIRTASİYECİLİK TİCARET VE SANAYİ A.Ş.,İMALAT,KAĞIT VE KAĞIT ÜRÜNLERİ BASIM,false
SANEL,SAN-EL MÜHENDİSLİK ELEKTRİK TAAHHÜT SANAYİ VE TİCARET A.Ş.,İNŞAAT VE BAYINDIRLIK,İNŞAAT VE BAYINDIRLIK İŞLERİ,false
SANFM,SANİFOAM ENDÜSTRİ VE TÜKETİM ÜRÜNLERİ SANAYİ TİCARET A.Ş.,İMALAT,KİMYA İLAÇ PETROL LASTİK VE PLASTİK ÜRÜNLER,false
SANKO,SANKO PAZARLAMA İTHALAT İHRACAT A.Ş.,TOPTAN VE PERAKENDE TİCARET,TOPTAN TİCARET,false
SARKY,SARKUYSAN ELEKTROLİTİK BAKIR SANAYİ VE TİCARET A.Ş.,İMALAT,ANA METAL SANAYİ,false
SASA,SASA POLYESTER SANAYİ A.Ş.,İMALAT,KİMYA İLAÇ PETROL LASTİK VE PLASTİK ÜRÜNLER,false
SAYAS,SAY YENİLENEBİLİR ENERJİ EKİPMANLARI SANAYİ VE TİCARET A.Ş.,İMALAT,METAL EŞYA MAKİNE ELEKTRİKLİ CİHAZLAR VE ULAŞIM ARAÇLARI,false
SDTTR,SDT UZAY VE SAVUNMA TEKNOLOJİLERİ A.Ş.,TEKNOLOJİ,SAVUNMA,false
SEGMN,SEĞMEN KARDEŞLER GIDA ÜRETİM VE AMBALAJ SANAYİ A.Ş.,İMALAT,"GIDA, İÇECEK VE TÜTÜN",false
SEGYO,ŞEKER GAYRİMENKUL YATIRIM ORTAKLIĞI A.Ş.,MALİ KURULUŞLAR,GAYRİMENKUL YATIRIM ORTAKLIKLARI,false
SEK,ŞEKERBANK T.A.Ş.,MALİ KURULUŞLAR,BANKALAR,false
SEKFK,ŞEKER FİNANSAL KİRALAMA A.Ş.,MALİ KURULUŞLAR,FİNANSAL KİRALAMA VE FAKTORİNG ŞİRKETLERİ,false
SEKUR,SEKURO PLASTİK AMBALAJ SANAYİ A.Ş.,İMALAT,KİMYA İLAÇ PETROL LASTİK VE PLASTİK ÜRÜNLER,false
SELEC,SELÇUK ECZA DEPOSU TİCARET VE SANAYİ A.Ş.,TOPTAN VE PERAKENDE TİCARET,TOPTAN TİCARET,false
SELVA,SELVA GIDA SANAYİ A.Ş.,İMALAT,"GIDA, İÇECEK VE TÜTÜN",false
SERNT,SERANİT GRANİT SERAMİK SANAYİ VE TİCARET A.Ş.,İMALAT,TAŞ VE TOPRAĞA DAYALI,false
SEYKM,SEYİTLER KİMYA SANAYİ A.Ş.,İMALAT,KİMYA İLAÇ PETROL LASTİK VE PLASTİK ÜRÜNLER,false
SILVR,SİLVERLİNE ENDÜSTRİ VE TİCARET A.Ş.,İMALAT,METAL EŞYA MAKİNE ELEKTRİKLİ CİHAZLAR VE ULAŞIM ARAÇLARI,false
SISE,TÜRKİYE ŞİŞE VE CAM FABRİKALARI A.Ş.,MALİ KURULUŞLAR,HOLDİNGLER VE YATIRIM ŞİRKETLERİ,false
SKBNK,ŞEKERBANK T.A.Ş.,MALİ KURULUŞLAR,BANKALAR,false
SKTAS,SÖKTAŞ TEKSTİL SANAYİ VE TİCARET A.Ş.,İMALAT,"TEKSTİL, GİYİM EŞYASI VE DERİ",false
SKY,ŞEKER YATIRIM MENKUL DEĞERLER A.Ş.,MALİ KURULUŞLAR,ARACI KURUMLAR,false
SKYLP,SKYALP FİNANSAL TEKNOLOJİLER VE DANIŞMANLIK A.Ş.,"MESLEKİ, BİLİMSEL VE TEKNİK FAALİYETLER",HUKUK VE MUHASEBE FAALİYETLERİ,false
SKYMD,ŞEKER YATIRIM MENKUL DEĞERLER A.Ş.,MALİ KURULUŞLAR,ARACI KURUMLAR,false
SMART,SMARTİKS YAZILIM A.Ş.,TEKNOLOJİ,BİLİŞİM,false
SMRTG,SMART GÜNEŞ ENERJİSİ TEKNOLOJİLERİ ARAŞTIRMA GELİŞTİRME ÜRETİM SANAYİ VE TİCARET A.Ş.,ELEKTRİK GAZ VE SU,ELEKTRİK GAZ VE BUHAR,false
SMRVA,SÜMER VARLIK YÖNETİM A.Ş.,MALİ KURULUŞLAR,VARLIK YÖNETİM ŞİRKETLERİ,false
SNGYO,SİNPAŞ GAYRİMENKUL YATIRIM ORTAKLIĞI A.Ş.,MALİ KURULUŞLAR,GAYRİMENKUL YATIRIM ORTAKLIKLARI,false
SNICA,SANİCA ISI SANAYİ A.Ş.,İMALAT,METAL EŞYA MAKİNE ELEKTRİKLİ CİHAZLAR VE ULAŞIM ARAÇLARI,false
SNPAM,SÖNMEZ PAMUKLU SANAYİİ A.Ş.,İMALAT,"TEKSTİL, GİYİM EŞYASI VE DERİ",false
SODSN,SODAŞ SODYUM SANAYİİ A.Ş.,İMALAT,KİMYA İLAÇ PETROL LASTİK VE PLASTİK ÜRÜNLER,false
SOKE,SÖKE DEĞİRMENCİLİK SANAYİ VE TİCARET A.Ş.,İMALAT,"GIDA, İÇECEK VE TÜTÜN",false
SOKM,ŞOK MARKETLER TİCARET A.Ş.,TOPTAN VE PERAKENDE TİCARET,PERAKENDE TİCARET,false
SONME,SÖNMEZ FİLAMENT SENTETİK İPLİK VE ELYAF SANAYİ A.Ş.,GAYRİMENKUL FAALİYETLERİ,GAYRİMENKUL FAALİYETLERİ,false
SRVGY,SERVET GAYRİMENKUL YATIRIM ORTAKLIĞI A.Ş.,MALİ KURULUŞLAR,GAYRİMENKUL YATIRIM ORTAKLIKLARI,false
SUMAS,SUMAŞ SUNİ TAHTA VE MOBİLYA SANAYİİ A.Ş.,İMALAT,ORMAN ÜRÜNLERİ VE MOBİLYA,false
SUNTK,SUN TEKSTİL SANAYİ VE TİCARET A.Ş.,İMALAT,"TEKSTİL, GİYİM EŞYASI VE DERİ",false
SURGY,SUR TATİL EVLERİ GAYRİMENKUL YATIRIM ORTAKLIĞI A.Ş.,MALİ KURULUŞLAR,GAYRİMENKUL YATIRIM ORTAKLIKLARI,false
SUWEN,SUWEN TEKSTİL SANAYİ PAZARLAMA A.Ş.,TOPTAN VE PERAKENDE TİCARET,PERAKENDE TİCARET,false
SVGYO,SAVUR GAYRİMENKUL YATIRIM ORTAKLIĞI A.Ş.,MALİ KURULUŞLAR,GAYRİMENKUL YATIRIM ORTAKLIKLARI,false
TABGD,TAB GIDA SANAYİ VE TİCARET A.Ş.,OTELLER VE LOKANTALAR,YİYECEK VE İÇECEK HİZMETLERİ,false
TARKM,TARKİM BİTKİ KORUMA SANAYİ VE TİCARET A.Ş.,İMALAT,KİMYA İLAÇ PETROL LASTİK VE PLASTİK ÜRÜNLER,false
TATEN,TATLIPINAR ENERJİ ÜRETİM A.Ş.,ELEKTRİK GAZ VE SU,ELEKTRİK GAZ VE BUHAR,false
TATGD,TAT GIDA SANAYİ A.Ş.,İMALAT,"GIDA, İÇECEK VE TÜTÜN",false
TAVHL,TAV HAVALİMANLARI HOLDİNG A.Ş.,MALİ KURULUŞLAR,HOLDİNGLER VE YATIRIM ŞİRKETLERİ,false
TBORG,TÜRK TUBORG BİRA VE MALT SANAYİİ A.Ş.,İMALAT,"GIDA, İÇECEK VE TÜTÜN",false
TCELL,TURKCELL İLETİŞİM HİZMETLERİ A.Ş.,BİLGİ VE İLETİŞİM,TELEKOMÜNİKASYON,false
TCKRC,KIRAÇ GALVANİZ TELEKOMİNİKASYON METAL MAKİNE İNŞAAT ELEKTRİK SANAYİ VE TİCARET A.Ş.,İMALAT,ANA METAL SANAYİ,false
TDGYO,TREND GAYRİMENKUL YATIRIM ORTAKLIĞI A.Ş.,MALİ KURULUŞLAR,GAYRİMENKUL YATIRIM ORTAKLIKLARI,false
TEHOL,TERA YATIRIM TEKNOLOJİ HOLDİNG A.Ş.,MALİ KURULUŞLAR,HOLDİNGLER VE YATIRIM ŞİRKETLERİ,false
TEKTU,TEK-ART İNŞAAT TİCARET TURİZM SANAYİ VE YATIRIMLAR A.Ş.,OTELLER VE LOKANTALAR,KONAKLAMA,false
TERA,TERA YATIRIM MENKUL DEĞERLER A.Ş.,MALİ KURULUŞLAR,ARACI KURUMLAR,false
TEZOL,EUROPAP TEZOL KAĞIT SANAYİ VE TİCARET A.Ş.,İMALAT,KAĞIT VE KAĞIT ÜRÜNLERİ BASIM,false
TGB,TÜRKİYE GARANTİ BANKASI A.Ş.,MALİ KURULUŞLAR,BANKALAR,false
TGSAS,TGS DIŞ TİCARET A.Ş.,TOPTAN VE PERAKENDE TİCARET,TOPTAN TİCARET,false
THL,TÜRKİYE HALK BANKASI A.Ş.,MALİ KURULUŞLAR,BANKALAR,false
THYAO,TÜRK HAVA YOLLARI A.O.,ULAŞTIRMA VE DEPOLAMA,ULAŞTIRMA VE DEPOLAMA,false
TIB,TÜRKİYE İŞ BANKASI A.Ş.,MALİ KURULUŞLAR,BANKALAR,false
TKFEN,TEKFEN HOLDİNG A.Ş.,MALİ KURULUŞLAR,HOLDİNGLER VE YATIRIM ŞİRKETLERİ,false
TKNSA,TEKNOSA İÇ VE DIŞ TİCARET A.Ş.,TOPTAN VE PERAKENDE TİCARET,PERAKENDE TİCARET,false
TLMAN,TRABZON LİMAN İŞLETMECİLİĞİ A.Ş.,ULAŞTIRMA VE DEPOLAMA,ULAŞTIRMA VE DEPOLAMA,false
TMPOL,TEMAPOL POLİMER PLASTİK VE İNŞAAT SANAYİ TİCARET A.Ş.,İMALAT,KİMYA İLAÇ PETROL LASTİK VE PLASTİK ÜRÜNLER,false
TMSN,TÜMOSAN MOTOR VE TRAKTÖR SANAYİ A.Ş.,İMALAT,METAL EŞYA MAKİNE ELEKTRİKLİ CİHAZLAR VE ULAŞIM ARAÇLARI,false
TNZTP,TAPDİ OKSİJEN ÖZEL SAĞLIK VE EĞİTİM HİZMETLERİ SANAYİ TİCARET A.Ş.,EĞİTİM SAĞLIK SPOR VE EĞLENCE HİZMETLERİ,İNSAN SAĞLIĞI VE SOSYAL HİZMETLER,false
TOASO,TOFAŞ TÜRK OTOMOBİL FABRİKASI A.Ş.,İMALAT,METAL EŞYA MAKİNE ELEKTRİKLİ CİHAZLAR VE ULAŞIM ARAÇLARI,false
TRA,TERA YATIRIM MENKUL DEĞERLER A.Ş.,MALİ KURULUŞLAR,ARACI KURUMLAR,false
TRALT,TÜRK ALTIN İŞLETMELERİ A.Ş.,MADENCİLİK VE TAŞ OCAKÇILIĞI,METAL CEVHERİ MADENCİLİĞİ,false
TRCAS,TURCAS HOLDİNG A.Ş.,MALİ KURULUŞLAR,HOLDİNGLER VE YATIRIM ŞİRKETLERİ,false
TRENJ,TR DOĞAL ENERJİ KAYNAKLARI ARAŞTIRMA VE ÜRETİM A.Ş.,MADENCİLİK VE TAŞ OCAKÇILIĞI,HAM PETROL VE DOĞAL GAZ ÇIKARTILMASI,false
TRGYO,TORUNLAR GAYRİMENKUL YATIRIM ORTAKLIĞI A.Ş.,MALİ KURULUŞLAR,GAYRİMENKUL YATIRIM ORTAKLIKLARI,false
TRHOL,TERA FİNANSAL YATIRIMLAR HOLDİNG A.Ş.,MALİ KURULUŞLAR,HOLDİNGLER VE YATIRIM ŞİRKETLERİ,false
TRILC,TURK İLAÇ VE SERUM SANAYİ A.Ş.,İMALAT,KİMYA İLAÇ PETROL LASTİK VE PLASTİK ÜRÜNLER,false
TRMET,TR ANADOLU METAL MADENCİLİK İŞLETMELERİ A.Ş.,MADENCİLİK VE TAŞ OCAKÇILIĞI,METAL CEVHERİ MADENCİLİĞİ,false
TSGYO,TSKB GAYRİMENKUL YATIRIM ORTAKLIĞI A.Ş.,MALİ KURULUŞLAR,GAYRİMENKUL YATIRIM ORTAKLIKLARI,false
TSK,TÜRKİYE SINAİ KALKINMA BANKASI A.Ş.,MALİ KURULUŞLAR,BANKALAR,false
TSKB,TÜRKİYE SINAİ KALKINMA BANKASI A.Ş.,MALİ KURULUŞLAR,BANKALAR,false
TSPOR,TRABZONSPOR SPORTİF YATIRIM VE FUTBOL İŞLETMECİLİĞİ TİCARET A.Ş.,EĞİTİM SAĞLIK SPOR VE EĞLENCE HİZMETLERİ,SPOR FAALİYETLERİ EĞLENCE VE OYUN FAALİYETLERİ,false
TTKOM,TÜRK TELEKOMÜNİKASYON A.Ş.,BİLGİ VE İLETİŞİM,TELEKOMÜNİKASYON,false
TTRAK,TÜRK TRAKTÖR VE ZİRAAT MAKİNELERİ A.Ş.,İMALAT,METAL EŞYA MAKİNE ELEKTRİKLİ CİHAZLAR VE ULAŞIM ARAÇLARI,false
TUCLK,TUĞÇELİK ALÜMİNYUM VE METAL MAMÜLLERİ SANAYİ VE TİCARET A.Ş.,İMALAT,ANA METAL SANAYİ,false
TUKAS,TUKAŞ GIDA SANAYİ VE TİCARET A.Ş.,İMALAT,"GIDA, İÇECEK VE TÜTÜN",false
TUPRS,TÜPRAŞ-TÜRKİYE PETROL RAFİNERİLERİ A.Ş.,İMALAT,KİMYA İLAÇ PETROL LASTİK VE PLASTİK ÜRÜNLER,false
TUREX,TUREKS TURİZM TAŞIMACILIK A.Ş.,ULAŞTIRMA VE DEPOLAMA,ULAŞTIRMA VE DEPOLAMA,false
TURGG,TÜRKER PROJE GAYRİMENKUL VE YATIRIM GELİŞTİRME A.Ş.,İNŞAAT VE BAYINDIRLIK,İNŞAAT VE BAYINDIRLIK İŞLERİ,false
TURSG,TÜRKİYE SİGORTA A.Ş.,MALİ KURULUŞLAR,SİGORTA ŞİRKETLERİ,false
TVB,TÜRKİYE VAKIFLAR BANKASI T.A.O.,MALİ KURULUŞLAR,BANKALAR,false
UCAYM,ÜÇAY MÜHENDİSLİK ENERJİ VE İKLİMLENDİRME TEKNOLOJİLERİ A.Ş.,İNŞAAT VE BAYINDIRLIK,İNŞAAT VE BAYINDIRLIK İŞLERİ,false
UFUK,UFUK YATIRIM YÖNETİM VE GAYRİMENKUL A.Ş.,MALİ KURULUŞLAR,HOLDİNGLER VE YATIRIM ŞİRKETLERİ,false
ULAS,ULAŞLAR TURİZM ENERJİ TARIM GIDA VE İNŞAAT YATIRIMLARI A.Ş.,OTELLER VE LOKANTALAR,KONAKLAMA,false
ULKER,ÜLKER BİSKÜVİ SANAYİ A.Ş.,İMALAT,"GIDA, İÇECEK VE TÜTÜN",false
ULUFA,ULUSAL FAKTORİNG A.Ş.,MALİ KURULUŞLAR,FİNANSAL KİRALAMA VE FAKTORİNG ŞİRKETLERİ,false
ULUSE,ULUSOY ELEKTRİK İMALAT TAAHHÜT VE TİCARET A.Ş.,İMALAT,METAL EŞYA MAKİNE ELEKTRİKLİ CİHAZLAR VE ULAŞIM ARAÇLARI,false
ULUUN,ULUSOY UN SANAYİ VE TİCARET A.Ş.,İMALAT,"GIDA, İÇECEK VE TÜTÜN",false
UMPAS,UMPAŞ HOLDİNG A.Ş.,MALİ KURULUŞLAR,HOLDİNGLER VE YATIRIM ŞİRKETLERİ,false
UNLU,ÜNLÜ YATIRIM HOLDİNG A.Ş.,MALİ KURULUŞLAR,HOLDİNGLER VE YATIRIM ŞİRKETLERİ,false
USAK,UŞAK SERAMİK SANAYİ A.Ş.,İMALAT,TAŞ VE TOPRAĞA DAYALI,false
VAKBN,TÜRKİYE VAKIFLAR BANKASI T.A.O.,MALİ KURULUŞLAR,BANKALAR,false
VAKFA,VAKIF FAKTORİNG A.Ş.,MALİ KURULUŞLAR,FİNANSAL KİRALAMA VE FAKTORİNG ŞİRKETLERİ,false
VAKFN,VAKIF FİNANSAL KİRALAMA A.Ş.,MALİ KURULUŞLAR,FİNANSAL KİRALAMA VE FAKTORİNG ŞİRKETLERİ,false
VAKKO,VAKKO TEKSTİL VE HAZIR GİYİM SANAYİ İŞLETMELERİ A.Ş.,TOPTAN VE PERAKENDE TİCARET,PERAKENDE TİCARET,false
VANGD,VANET GIDA SANAYİ İÇ VE DIŞ TİCARET A.Ş.,İMALAT,"GIDA, İÇECEK VE TÜTÜN",false
VBTYZ,VBT YAZILIM A.Ş.,TEKNOLOJİ,BİLİŞİM,false
VERTU,VERUSATURK GİRİŞİM SERMAYESİ YATIRIM ORTAKLIĞI A.Ş.,MALİ KURULUŞLAR,GİRİŞİM SERMAYESİ YATIRIM ORTAKLIKLARI,false
VERUS,VERUSA HOLDİNG A.Ş.,MALİ KURULUŞLAR,HOLDİNGLER VE YATIRIM ŞİRKETLERİ,false
VESBE,VESTEL BEYAZ EŞYA SANAYİ VE TİCARET A.Ş.,İMALAT,METAL EŞYA MAKİNE ELEKTRİKLİ CİHAZLAR VE ULAŞIM ARAÇLARI,false
VESTL,VESTEL ELEKTRONİK SANAYİ VE TİCARET A.Ş.,İMALAT,METAL EŞYA MAKİNE ELEKTRİKLİ CİHAZLAR VE ULAŞIM ARAÇLARI,false
VKFYO,VAKIF MENKUL KIYMET YATIRIM ORTAKLIĞI A.Ş.,MALİ KURULUŞLAR,MENKUL KIYMET YATIRIM ORTAKLIKLARI,false
VKGYO,VAKIF GAYRİMENKUL YATIRIM ORTAKLIĞI A.Ş.,MALİ KURULUŞLAR,GAYRİMENKUL YATIRIM ORTAKLIKLARI,false
VKING,VİKİNG KAĞIT VE SELÜLOZ A.Ş.,İMALAT,KAĞIT VE KAĞIT ÜRÜNLERİ BASIM,false
VRGYO,VERA KONSEPT GAYRİMENKUL YATIRIM ORTAKLIĞI A.Ş.,MALİ KURULUŞLAR,GAYRİMENKUL YATIRIM ORTAKLIKLARI,false
VSNMD,VİŞNE MADENCİLİK ÜRETİM SANAYİ VE TİCARET A.Ş.,MADENCİLİK VE TAŞ OCAKÇILIĞI,DİĞER MADENCİLİK VE TAŞ OCAKÇILIĞI,false
YAPRK,YAPRAK SÜT VE BESİ ÇİFTLİKLERİ SANAYİ VE TİCARET A.Ş.,"TARIM, ORMANCILIK VE BALIKÇILIK",TARIM VE HAYVANCILIK AVCILIK VE İLGİLİ HİZMET FAALİYETLERİ,false
YATAS,YATAŞ YATAK VE YORGAN SANAYİ TİCARET A.Ş.,İMALAT,"TEKSTİL, GİYİM EŞYASI VE DERİ",false
YAYLA,YAYLA ENERJİ ÜRETİM TURİZM VE İNŞAAT TİCARET A.Ş.,İNŞAAT VE BAYINDIRLIK,İNŞAAT VE BAYINDIRLIK İŞLERİ,false
YBTAS,YİBİTAŞ YOZGAT İŞÇİ BİRLİĞİ İNŞAAT MALZEMELERİ TİCARET VE SANAYİ A.Ş.,İMALAT,TAŞ VE TOPRAĞA DAYALI,false
YEOTK,YEO TEKNOLOJİ ENERJİ VE ENDÜSTRİ A.Ş.,"MESLEKİ, BİLİMSEL VE TEKNİK FAALİYETLER",MİMARLIK VE MÜHENDİSLİK FAALİYETLERİ; TEKNİK MUAYENE VE ANALİZ,false
YESIL,YEŞİL YATIRIM HOLDİNG A.Ş.,MALİ KURULUŞLAR,HOLDİNGLER VE YATIRIM ŞİRKETLERİ,false
YGGYO,YENİ GİMAT GAYRİMENKUL YATIRIM ORTAKLIĞI A.Ş.,MALİ KURULUŞLAR,GAYRİMENKUL YATIRIM ORTAKLIKLARI,false
YIGIT,YİĞİT AKÜ MALZEMELERİ NAKLİYAT TURİZM İNŞAAT SANAYİ VE TİCARET A.Ş.,İMALAT,METAL EŞYA MAKİNE ELEKTRİKLİ CİHAZLAR VE ULAŞIM ARAÇLARI,false
YKB,YAPI VE KREDİ BANKASI A.Ş.,MALİ KURULUŞLAR,BANKALAR,false
YKBNK,YAPI VE KREDİ BANKASI A.Ş.,MALİ KURULUŞLAR,BANKALAR,false
YKSLN,YÜKSELEN ÇELİK A.Ş.,İMALAT,ANA METAL SANAYİ,false
YONGA,YONGA MOBİLYA SANAYİ VE TİCARET A.Ş.,İMALAT,ORMAN ÜRÜNLERİ VE MOBİLYA,false
YUNSA,YÜNSA YÜNLÜ SANAYİ VE TİCARET A.Ş.,İMALAT,"TEKSTİL, GİYİM EŞYASI VE DERİ",false
YYAPI,YEŞİL YAPI ENDÜSTRİSİ A.Ş.,İNŞAAT VE BAYINDIRLIK,İNŞAAT VE BAYINDIRLIK İŞLERİ,false
YYLGD,YAYLA AGRO GIDA SANAYİ VE TİCARET A.Ş.,İMALAT,"GIDA, İÇECEK VE TÜTÜN",false
ZEDUR,ZEDUR ENERJİ ELEKTRİK ÜRETİM A.Ş.,ELEKTRİK GAZ VE SU,ELEKTRİK GAZ VE BUHAR,false
ZERGY,ZERAY GAYRİMENKUL YATIRIM ORTAKLIĞI A.Ş.,MALİ KURULUŞLAR,GAYRİMENKUL YATIRIM ORTAKLIKLARI,false
ZGYO,Z GAYRİMENKUL YATIRIM ORTAKLIĞI A.Ş.,MALİ KURULUŞLAR,GAYRİMENKUL YATIRIM ORTAKLIKLARI,false
ZOREN,ZORLU ENERJİ ELEKTRİK ÜRETİM A.Ş.,ELEKTRİK GAZ VE SU,ELEKTRİK GAZ VE BUHAR,false
ZRGYO,ZİRAAT GAYRİMENKUL YATIRIM ORTAKLIĞI A.Ş.,MALİ KURULUŞLAR,GAYRİMENKUL YATIRIM ORTAKLIKLARI,false
